CONSTITUENCY,ASSETS,LIABILITIES,NAME,WINNER,GENDER,AGE,VOTES RECEIVED,ELECTION RESULT,HAS CASES
ADILABAD,3099414,231450,SOYAM BAPU RAO,1,MALE,52,377374,1,1
ADILABAD,18477888,847000,Godam Nagesh,0,MALE,54,318814,2,0
ADILABAD,36491000,15300000,RATHOD RAMESH,0,MALE,52,314238,3,1
AGRA,74274036,8606522,Satyapal Singh Baghel,1,MALE,58,646875,1,1
AGRA,133784385,22251891,Manoj Kumar Soni,0,MALE,47,435329,2,0
AGRA,55075753,,Preeta Harit,0,FEMALE,54,45149,3,0
AHMADNAGAR,168664576,2623964,Dr. SUJAY RADHAKRISHNA VIKHEPATIL,1,MALE,37,704660,1,0
AHMADNAGAR,94488381,32549132,SANGRAM ARUNKAKA JAGTAP,0,MALE,34,423186,2,1
AHMEDABAD EAST,74699690,6252577,Patel Hasmukhbhai Somabhai,1,MALE,58,749834,1,0
AHMEDABAD EAST,40375418,3121888,Gitaben Patel,0,FEMALE,38,315504,2,1
AHMEDABAD WEST,89474039,,DR. KIRIT P. SOLANKI,1,MALE,69,641622,1,0
AHMEDABAD WEST,262997727,18943977,RAJU PARMAR,0,MALE,68,320076,2,0
AJMER,85101774,8319942,Bhagirath Chaudhary,1,MALE,64,815076,1,0
AJMER,853998231,306012685,Riju Jhunjhunwala,0,MALE,40,398652,2,0
AKBARPUR,1141980,,Devendra Singh 'Bhole',1,MALE,64,581282,1,0
AKBARPUR,134448979,13619617,Nisha Sachan,0,FEMALE,46,306140,2,0
AKBARPUR,19097262,8600000,Rajaram Pal,0,MALE,58,108341,3,1
AKOLA,77153230,14985774,Dhotre Sanjay Shamrao,1,MALE,60,554444,1,1
AKOLA,58722916,,Ambedkar (Adv) Prakash Yashwant,0,MALE,64,278848,2,0
AKOLA,14947292,483635,Hidayatullah Barakatullah Patel,0,MALE,60,254370,3,1
ALAPPUZHA,15268906,2220700,Adv. A M ARIFF,1,MALE,54,445970,1,1
ALAPPUZHA,18665943,825000,Adv. SHANIMOL OSMAN,0,FEMALE,52,435496,2,0
ALAPPUZHA,16484722,,Dr. K. S. RADHAKRISHNAN,0,MALE,64,187729,3,1
ALATHUR,1152816,,RAMYA HARIDAS,1,FEMALE,32,533815,1,1
ALATHUR,4083003,519379,DR. P.K.BIJU,0,MALE,44,374847,2,0
ALATHUR,1261055,685000,T.V.BABU,0,MALE,61,89837,3,1
ALIGARH,109522559,28095176,SATISH KUMAR GAUTAM,1,MALE,46,656215,1,0
ALIGARH,281852783,,DR. AJEET BALIYAN,0,MALE,51,426954,2,0
ALIGARH,12863000,4273034,BIJENDRA SINGH CHAUDHARY,0,MALE,62,50880,3,1
ALIPURDUARS,1418730,,JOHN BARLA,1,MALE,43,750804,1,1
ALIPURDUARS,9039609,581713,DASRATH TIRKEY,0,MALE,52,506815,2,0
ALIPURDUARS,2804955,304672,MILI ORAON,0,FEMALE,42,54010,3,0
ALLAHABAD,26919330,1600000,Rita Bahuguna Joshi,1,FEMALE,69,494454,1,1
ALLAHABAD,292681002,,Rajendra Singh Patel,0,MALE,63,310179,2,0
ALMORA,9910448,55845,Ajay Tamta,1,MALE,46,444651,1,0
ALMORA,13293598,2500000,Pradeep Tamta,0,MALE,60,211665,2,1
ALWAR,352929,,Balak Nath,1,MALE,35,760201,1,0
ALWAR,136542038,,Bhanwar Jitendra Singh,0,MALE,47,430230,2,1
ALWAR,16328526,5844684,Imran Khan,0,MALE,31,56649,3,0
AMALAPURAM,85993362,2431407,CHINTA ANURADHA,1,FEMALE,46,485958,1,0
AMALAPURAM,73049918,1537488,GANTI HARISH MADHUR (BALAYOGI),0,MALE,28,446163,2,0
AMALAPURAM,28930012,,D M R SEKHAR,0,MALE,59,255317,3,1
AMBALA,54361499,188861,RATTAN LAL KATARIA,1,MALE,67,746508,1,0
AMBALA,240508152,,SELJA,0,FEMALE,56,404163,2,0
AMBALA,38090737,73613,NARESH KUMAR,0,MALE,55,96296,3,0
AMBEDKAR NAGAR,307265103,24739098,Ritesh Pandey,1,MALE,38,564118,1,1
AMBEDKAR NAGAR,24116406,12848,Mukut Bihari,0,MALE,71,468238,2,0
AMETHI,111099609,,Smriti Irani,1,FEMALE,43,468514,1,0
AMETHI,158877063,7201904,Rahul Gandhi,0,MALE,48,413394,2,1
AMRAVATI,124554656,70576979,Navnit Ravi Rana,1,FEMALE,33,510947,1,1
AMRAVATI,44015877,8545894,Adsul Anandrao Vithoba,0,MALE,71,473996,2,1
AMRAVATI,351944996,79139288,Gunwant Deopare,0,MALE,47,65135,3,1
AMRELI,35900763,828961,Kachhadiya Naranbhai Bhikhabhai,1,MALE,64,529035,1,0
AMRELI,14342991,,Paresh Dhanani,0,MALE,42,327604,2,0
AMRITSAR,34011739,9031565,GURJEET SINGH AUJLA,1,MALE,46,445032,1,0
AMRITSAR,340505737,57940950,HARDEEP SINGH PURI,0,MALE,67,345406,2,0
AMROHA,74920879,19579691,KUNWAR DANISH ALI,1,MALE,43,601082,1,0
AMROHA,1821251171,10700504,KANWAR SINGH TANWAR,0,MALE,58,537834,2,0
ANAKAPALLI,91526244,11139279,Dr.Beesetti Venkata Satyavathi,1,FEMALE,52,586226,1,0
ANAKAPALLI,410547212,205591400,ADARI ANAND KUMAR,0,MALE,43,497034,2,0
ANAKAPALLI,335308506,110928567,Chintala Partha Sarathi,0,MALE,56,82588,3,0
ANAND,77043053,7810840,PATEL MITESH RAMESHBHAI (BAKABHAI),1,MALE,54,633097,1,1
ANAND,54490955,1934855,BHARATBHAI MADHAVSINH SOLANKI,0,MALE,65,435379,2,0
ANANDPUR SAHIB,154637860,,Manish Tewari,1,MALE,53,428045,1,0
ANANDPUR SAHIB,126971695,,Professor Prem Singh Chandumajra,0,MALE,69,381161,2,1
ANANDPUR SAHIB,1408265156,3400824,Sodhi Vikram Singh,0,MALE,62,146441,3,0
ANANDPUR SAHIB,255712677,23667368,Narinder Singh Shergill,0,MALE,51,53052,4,1
ANANTAPUR,11773091,1135547,TALARI RANGAIAH,1,MALE,48,695208,1,1
ANANTAPUR,373887429,84550726,J.C. PAVAN REDDY,0,MALE,45,553780,2,0
ANANTNAG,87620672,,HASNAIN MASOODI,1,MALE,65,40180,1,0
ANANTNAG,140146018,,GHULAM AHMAD MIR,0,MALE,60,33504,2,0
ANANTNAG,8903857,,MEHBOOBA MUFTI,0,FEMALE,59,30524,3,1
ANDAMAN & NICOBAR ISLANDS,132233012,80450870,KULDEEP RAI SHARMA,1,MALE,52,95308,1,0
ANDAMAN & NICOBAR ISLANDS,85140573,4633914,VISHAL JOLLY,0,MALE,46,93901,2,1
AONLA,21766502,3324300,DHARMENDRA KASHYAP,1,MALE,50,537675,1,0
AONLA,241164456,2100000,RUCHIVIRA,0,FEMALE,57,423932,2,1
AONLA,41189445,,KUNWAR SARVARAJ SINGH,0,MALE,64,62548,3,0
ARAKKONAM,1146984897,166365972,S. JAGATHRAKSHAKAN,1,MALE,71,672190,1,1
ARAKKONAM,46023417,7710578,A.K. MOORTHY,0,MALE,55,343234,2,1
ARAKKONAM,82000,50000,N.G. PARTHIBAN,0,MALE,43,66826,3,0
ARAMBAGH,12527597,4244000,APARUPA PODDAR (AFRIN ALI),1,FEMALE,33,649929,1,1
ARAMBAGH,2014593,1875000,TAPAN KUMAR RAY,0,MALE,55,648787,2,1
ARAMBAGH,10448352,17324,SAKTI MOHAN MALIK,0,MALE,59,100520,3,1
ARANI,234564815,33409505,VISHNU PRASAD M K,1,MALE,46,617760,1,1
ARANI,111158268,1884554,ELUMALAI V,0,MALE,63,386954,2,0
ARANI,160000,,SENTHAMIZHAN G,0,MALE,55,46383,3,0
ARANI,2934243,,TAMIZHARASI A,0,FEMALE,37,32409,4,0
ARARIA,5010577,1159200,PRADEEP KUMAR SINGH,1,MALE,52,618434,1,1
ARARIA,76618366,8566199,SARFARAZ ALAM,0,MALE,50,481193,2,1
ARRAH,79971720,,R. K. Singh,1,MALE,66,566480,1,1
ARRAH,682315,,Raju Yadav,0,MALE,36,419195,2,1
ARUKU,141179,,GODDETI. MADHAVI,1,FEMALE,26,562190,1,0
ARUKU,65729020,,KISHORE CHANDRA DEO,0,MALE,72,338101,2,0
ARUKU,2567059,320000,GANGULAIAH VAMPURU.,0,MALE,49,42794,3,1
ARUNACHAL EAST,136628259,,Tapir Gao,1,MALE,54,153883,1,0
ARUNACHAL EAST,353530297,4168771,Lowangcha Wanglat,0,MALE,69,83935,2,0
ARUNACHAL EAST,10452925,,Mongol Yomso,0,MALE,47,22937,3,0
ARUNACHAL EAST,12720974,,Bandey Mili,0,MALE,38,15958,4,0
ARUNACHAL EAST,27303830,,C. C. Singpho,0,MALE,68,11493,5,0
ARUNACHAL WEST,15279000,,KIREN RIJIJU,1,MALE,47,225796,1,0
ARUNACHAL WEST,1002950534,204955775,NABAM TUKI,0,MALE,51,50953,2,1
ARUNACHAL WEST,38265000,,JARJUM ETE,0,FEMALE,56,43920,3,0
ARUNACHAL WEST,300737886,7500000,KHYODA APIK,0,MALE,42,27119,4,1
ASANSOL,59234826,5722184,BABUL SUPRIYO,1,MALE,48,633378,1,1
ASANSOL,101582564,,MOON MOON SEN,0,FEMALE,65,435741,2,0
ASANSOL,1618401,,GOURANGA CHATTERJEE,0,MALE,59,87608,3,1
ASKA,732470,,Pramila Bisoyi,1,FEMALE,70,552749,1,0
ASKA,16175950,17925000,Anita Subhadarshini,0,FEMALE,47,348042,2,0
ASKA,329980,,Rama Krushna Panda,0,MALE,47,59978,3,1
ATTINGAL,144098612,27622685,Adv. ADOOR PRAKASH,1,MALE,63,380995,1,1
ATTINGAL,38448688,3611333,Dr. A. SAMPATH,0,MALE,56,342748,2,0
ATTINGAL,1981638,,SOBHASURENDRAN,0,FEMALE,49,248081,3,1
AURANGABAD (BIH),167895109,3746607,SUSHIL KUMAR SINGH,1,MALE,53,427721,1,1
AURANGABAD (MAH),29562768,6800000,Imtiaz Jaleel Syed,1,MALE,50,389042,1,1
AURANGABAD (MAH),89820322,31390310,Chandrakant Khaire,0,MALE,67,384550,2,1
AURANGABAD (BIH),20394370,471998,UPENDRA PRASAD,0,MALE,55,357169,2,0
AURANGABAD (MAH),8389250,,Harshwardhandada Raibhanji Jadhav,0,MALE,41,283798,5,1
AURANGABAD (MAH),339452909,198464347,Zambad Subhash Manakchand,0,MALE,56,91789,3,0
AUTONOMOUS DISTRICT,20693570,5956209,HOREN SING BEY,1,MALE,49,381316,1,1
AUTONOMOUS DISTRICT,7866276,,BIREN SINGH ENGTI,0,MALE,76,141690,2,0
AUTONOMOUS DISTRICT,6830962,1606436,JONES INGTI KATHAR,0,MALE,68,39583,3,0
AUTONOMOUS DISTRICT,53785471,5000000,HOLIRAM TERANG,0,MALE,61,36915,4,0
AZAMGARH,377859166,2853000,Akhilesh Yadav,1,MALE,45,621578,1,0
AZAMGARH,59380841,5415364,Dinesh Lal Yadav Nirahua,0,MALE,40,361704,2,1
BADAUN,40372093,,Dr. Sanghmitra Maurya,0,FEMALE,34,511352,1,1
BADAUN,118688322,26510293,Dharmendra Yadav,0,MALE,40,492898,2,1
BADAUN,763872000,5000000,Saleem Iqbal Shervani,0,MALE,66,51947,3,1
BAGALKOT,43980663,7987991,Gaddigoudar Parvatagouda Chandanagouda,1,MALE,68,664638,1,0
BAGALKOT,78375219,26784734,Veena Kashappanavar,0,FEMALE,38,496451,2,0
BAGHPAT,78195793,,Dr. SATYAPAL SINGH,1,MALE,63,525789,1,1
BAGHPAT,275023812,29242618,JAYANT CHAUDHARY,0,MALE,40,502287,2,0
BAHARAMPUR,101315437,8506984,ADHIR RANJAN CHOWDHURY,1,MALE,63,591106,1,1
BAHARAMPUR,47930322,2119820,APURBA SARKAR (DAVID),0,MALE,55,510410,2,1
BAHARAMPUR,6200,,KRISHNA JOYARDAR,0,MALE,55,143038,3,0
BAHRAICH,45691463,3028133,AKSHAIBAR LAL,1,MALE,73,525982,1,0
BAHRAICH,11162030,,SHABBIR BALMIKI,0,MALE,60,397230,2,1
BALAGHAT,88648133,1530693,DR DHAL SINGH BISEN,1,MALE,66,696102,1,0
BALAGHAT,10237135,,MADHU BHAGAT,0,MALE,53,454036,2,0
BALAGHAT,20550745,2200000,KANKAR MUNJARE,0,MALE,68,85177,3,1
BALAGHAT,44244840,,BODHSINGH BHAGAT,0,MALE,62,47220,4,0
BALASORE,1346236,160,PRATAP CHANDRA SARANGI,1,MALE,64,483858,1,1
BALASORE,726151097,63341667,RABINDRA KUMAR JENA,0,MALE,51,470902,2,0
BALASORE,1042005000,1079582000,NAVAJYOTI PATNAIK,0,MALE,46,179403,3,0
BALLIA,24498319,,Virendra Singh,1,MALE,62,469114,1,1
BALLIA,26500222,531827,Sanatan Pandey,0,MALE,56,453595,2,1
BALURGHAT,5825866,2168170,Sukanta Majumdar,1,MALE,39,539317,1,0
BALURGHAT,2824728,,Arpita Ghosh,0,FEMALE,52,506024,2,0
BALURGHAT,4632504,,Ranen Barman,0,MALE,50,72990,3,0
BALURGHAT,21868500,9884000,Abdus Sadek Sarkar,0,MALE,40,36783,4,1
BANASKANTHA,41819177,4500000,PARBATBHAI SAVABHAI PATEL,1,MALE,70,679108,1,0
BANASKANTHA,40404078,2164385,PARTHIBHAI GALBABHAI BHATOL,0,MALE,75,310812,2,1
BANASKANTHA,763763,70000,THAKOR SWARUPJI SARDARJI,0,MALE,39,48634,3,0
BANDA,55794086,,R.K. SINGH PATEL,1,MALE,59,477926,1,1
BANDA,655645059,,SHYAMA CHARAN GUPTA,0,MALE,74,418988,2,0
BANDA,43232650,13868284,BALKUMAR PATEL,0,MALE,59,75438,3,1
BANGALORE CENTRAL,755529306,312521957,P. C. Mohan,1,MALE,55,602853,1,0
BANGALORE CENTRAL,158434648,45079101,Rizwan Arshad,0,MALE,39,531885,2,0
BANGALORE NORTH,209384539,104302653,D.V. Sadananda Gowda,1,MALE,66,824500,1,0
BANGALORE NORTH,132509044,15596951,Krishna Byregowda,0,MALE,46,676982,2,0
BANGALORE RURAL,3388920717,519320305,D.K. SURESH,1,MALE,52,878258,1,1
BANGALORE RURAL,293535096,,ASHWATHNARAYANGOWDA,0,MALE,59,671388,2,1
BANGALORE SOUTH,1346593,,TEJASVI SURYA,1,MALE,28,739229,1,0
BANGALORE SOUTH,150801799,34400000,B.K.HARIPRASAD,0,MALE,64,408037,2,0
BANGAON,5265388,,SHANTANU THAKUR,1,MALE,37,687622,1,1
BANGAON,22042316,,MAMATA THAKUR,0,FEMALE,51,576028,2,1
BANGAON,5556977,524879,ALAKESH DAS,0,MALE,55,90122,3,1
BANKA,19816050,405701,GIRIDHARI YADAV,1,MALE,58,477788,1,1
BANKA,68739932,618721,JAI PRAKASH NARAYAN YADAV,0,MALE,65,277256,2,1
BANKA,6940000,2250000,PUTUL KUMARI,0,FEMALE,61,103729,3,1
BANKA,6940000,2250000,MANOJ KUMAR SAH,0,MALE,44,44398,4,0
BANKURA,19799440,3261495,DR. SUBHAS SARKAR,1,MALE,65,675319,1,1
BANKURA,12235759,,SUBRATA MUKHERJEE,0,MALE,72,500986,2,1
BANKURA,7521446,,AMIYA PATRA,0,MALE,67,100282,3,1
BANSGAON,171706883,6049264,Kamlesh Paswan,1,MALE,42,546673,1,1
BANSGAON,8702160,,Sadal Prasad,0,MALE,62,393205,2,0
BANSWARA,58711904,1746729,KANAKMAL KATARA,1,MALE,62,711709,1,0
BANSWARA,34354639,6449772,TARACHAND BHAGORA,0,MALE,65,406245,2,0
BANSWARA,1229683,,KANTILAL ROAT,0,MALE,43,250761,3,0
BAPATLA,4158610,269000,NANDIGAM SURESH,1,MALE,42,598257,1,0
BAPATLA,42520353,598794,MALYADRI SRIRAM,0,MALE,65,582192,2,0
BAPATLA,34436000,1200000,K. DEVANAND,0,MALE,64,42580,3,0
BARABANKI,18050127,3171774,Upendra Singh Rawat,1,MALE,51,535917,1,1
BARABANKI,10294367,127553,Ram Sagar Rawat,0,MALE,68,425777,2,1
BARABANKI,12572577,27052,Tanuj Punia,0,MALE,34,159611,3,0
BARAMATI,1408888704,5500000,Supriya Sule,1,FEMALE,49,686714,1,0
BARAMATI,47572790,2250279,Kanchan Rahul Kool,0,FEMALE,34,530940,2,0
BARAMATI,4980257,3700190,Padalkar Navanath,0,MALE,43,44134,3,1
BARAMULLA,597434000,104935,MOHAMMAD AKBAR LONE,1,MALE,71,133426,1,0
BARAMULLA,176868487,848606,RAJA AIJAZ ALI,0,MALE,67,103193,2,0
BARAMULLA,8000000,6000000,ENGINEER RASHID,0,MALE,54,102168,3,0
BARAMULLA,16556983,473600,ABDUL QAYOOM WANI,0,MALE,59,53530,4,0
BARAMULLA,12777435,,HAJI FAROOQ AHMAD MIR,0,MALE,55,34532,5,0
BARASAT,40531018,1496059,Dr. Kakoli Ghoshdastidar,1,FEMALE,60,648444,1,1
BARASAT,4949682,3370182,Mrinal Kanti Debnath,0,MALE,68,538275,2,0
BARASAT,11890602,,Haripada Biswas,0,MALE,61,124068,3,0
BARASAT,33601000,,Subrata Dutta,0,FEMALE,57,37277,4,0
BARDHAMAN DURGAPUR,26521750,744076,S.S AHLUWALIA,1,MALE,67,598376,1,0
BARDHAMAN DURGAPUR,136680993,,DR. MAMTAZ SANGHAMITA,0,FEMALE,73,595937,2,0
BARDHAMAN DURGAPUR,4267888,,ABHAS RAY CHAUDHURI,0,MALE,50,161329,3,1
BARDHAMAN DURGAPUR,16662068,89517,RANAJIT MUKHERJEE,0,MALE,39,38516,4,0
BARDHAMAN PURBA,20371283,148598,SUNIL KUMAR MONDAL,1,MALE,61,640834,1,0
BARDHAMAN PURBA,30401786,,PARESH CHANDRA DAS,0,MALE,61,551523,2,1
BARDHAMAN PURBA,5892873,2811235,ISWAR CHANDRA DAS,0,MALE,58,175920,3,1
BARDHAMAN PURBA,2437669,513425,SIDDHARTHA MAJUMDAR,0,MALE,37,38472,4,0
BARDOLI,28350217,3676869,PARBHUBHAI NAGARBHAI VASAVA,1,MALE,49,742273,1,0
BARDOLI,69345867,,CHAUDHARI DR. TUSHARBHAI AMARSINHBHAI,0,MALE,53,526826,2,0
BAREILLY,126356142,13055209,SANTOSH KUMAR GANGWAR,1,MALE,70,565270,1,0
BAREILLY,31857876,,BHAGWAT SARAN GANGWAR,0,MALE,63,397988,2,1
BAREILLY,1477686028,46548771,PRAVEEN SINGH ARON,0,MALE,61,74206,3,1
BARGARH,11673429,,Suresh Pujari,1,MALE,59,581245,1,0
BARGARH,90051634,3227600,Prasanna Acharya,0,MALE,69,517306,2,0
BARGARH,51024740,13451459,Pradeep Kumar Debta,0,MALE,51,109417,3,1
BARMER,2402250,,KAILASH CHOUDHARY,1,MALE,45,846526,1,1
BARMER,45063664,,MANVENDRA SINGH,0,MALE,55,522718,2,0
BARPETA,7398753,2703693,Abdul Khaleque,1,MALE,44,645173,1,0
BARPETA,23701000,1032000,Kumar Deepak Das,0,MALE,66,504866,2,1
BARPETA,3389683,430436,Rafiqul Islam,0,MALE,44,248667,3,1
BARRACKPORE,8055691,1100000,ARJUN SINGH,1,MALE,57,472994,1,1
BARRACKPORE,66207289,15925213,DINESH TRIVEDI,0,MALE,68,458137,2,0
BARRACKPORE,57140,,GARGI CHATTERJEE,0,FEMALE,47,117456,3,0
BASIRHAT,29088391,16881608,Nusrat Jahan Ruhi,1,FEMALE,28,782078,1,0
BASIRHAT,5399604,,Sayantan Basu,0,MALE,42,431709,2,1
BASIRHAT,2294651,,Quazi Abdur Rahim,0,MALE,51,104183,3,1
BASIRHAT,6037297,,Pallab Sengupta,0,MALE,70,68316,4,0
BASTAR,7721293,1801236,DEEPAK BAIJ,1,MALE,38,402527,1,1
BASTAR,16073844,141005,BAIDU RAM KASHYAP,0,MALE,46,363545,2,1
BASTAR,1058000,,RAMU RAM MOURYA,0,MALE,42,38395,3,0
BASTAR,547094,,AAYTU RAM MANDAVI,0,MALE,55,30449,4,0
BASTI,8662344,322490,HARISH CHANDRA ALIAS HARISH DWIVEDI,1,MALE,45,471162,1,1
BASTI,66059943,1166159,RAM PRASAD CHAUDHARY,0,MALE,65,440808,2,1
BASTI,52812489,,RAJ KISHOR SINGH,0,MALE,50,86920,3,0
BATHINDA,2179919870,954852600,Harsimrat Kaur Badal,1,FEMALE,52,492824,1,0
BATHINDA,92906438,10422457,Amrinder Singh Raja Warring,0,MALE,41,471052,2,0
BATHINDA,10604926,345000,Prof. Baljinder Kaur,0,FEMALE,33,134398,3,0
BATHINDA,598746355,13836396,Sukhpal Singh Khaira,0,MALE,54,38199,4,1
BEED,167477926,98833794,Pritam Gopinathrao Munde,1,FEMALE,36,678175,1,1
BEED,160776182,8488691,Bajrang Manohar Sonwane,0,MALE,48,509807,2,1
BEED,4654000,1622000,Pro. Vishnu Jadhav,0,MALE,62,92139,3,1
BEGUSARAI,83024577,12236000,Giriraj Singh,1,MALE,66,692193,1,1
BEGUSARAI,557848,,Kanhaiya Kumar,0,MALE,32,269976,2,1
BEGUSARAI,15483136,1446000,Mo. Tanweer Hassan,0,MALE,59,198233,3,1
BELGAUM,366164525,198479638,ANGADI SURESH CHANNABASAPPA,1,MALE,63,761991,1,0
BELGAUM,315866105,225214094,Dr.SADHUNAVAR,0,MALE,69,370687,2,0
BELLARY,40107878,250000,Y. DEVENDRAPPA,1,MALE,67,616388,1,0
BELLARY,108217325,22231164,V. S. UGRAPPA,0,MALE,65,560681,2,0
BERHAMPUR,11716989,,CHANDRA SEKHAR SAHU,1,MALE,68,443843,1,0
BERHAMPUR,31044317,1650465,BHRUGU BAXIPATRA,0,MALE,44,348999,2,1
BERHAMPUR,360000000,8000,V.CHANDRASEKHAR NAIDU,0,MALE,52,142632,3,1
BETUL,15413532,875803,DURGA DAS (D.D.) UIKEY,1,MALE,55,811248,1,0
BETUL,113554,,RAMU TEKAM (ADVOCATE),0,MALE,31,451007,2,0
BHADOHI,94089148,21696413,RAMESH CHAND,1,MALE,44,510029,1,1
BHADOHI,124899017,54880849,RANGNATH MISHRA,0,MALE,59,466414,2,1
BHADRAK,39417891,8958149,MANJULATA MANDAL,1,FEMALE,42,513045,1,0
BHADRAK,47223493,12150231,AVIMANYU SETHI,0,MALE,49,484254,2,0
BHADRAK,23838000,2384493,MADHUMITA SETHI,0,FEMALE,42,207710,3,0
BHAGALPUR,6801126,5364747,AJAY KUMAR MANDAL,1,MALE,41,618254,1,0
BHAGALPUR,30364808,2180647,SHAILESH KUMAR ALIAS VULO MANDAL,0,MALE,43,340624,2,0
BHANDARA - GONDIYA,627543615,19861338,Sunil Baburao Mendhe,1,MALE,50,650243,1,1
BHANDARA - GONDIYA,57462818,2050134,Panchabudhe Nana Jairam,0,MALE,64,452849,2,0
BHANDARA - GONDIYA,36343297,3616000,Dr. Vijaya Rajesh Nandurkar,0,FEMALE,37,52659,3,0
BHANDARA - GONDIYA,5995146,60000,K. N. Nanhe,0,MALE,68,45842,4,0
BHARATPUR,3117190,,RANJEETA KOLI,1,FEMALE,39,707992,1,0
BHARATPUR,133045865,28346352,ABHIJEET KUMAR JATAV,0,MALE,59,389593,2,0
BHARUCH,6835957,,Mansukhbhai Dhanjibhai Vasava,1,MALE,61,637795,1,0
BHARUCH,3343699,,Sherkhan Abdulsakur Pathan,0,MALE,37,303581,2,1
BHARUCH,20146320,4595420,Chhotubhai Amarsinh Vasava,0,MALE,73,144083,3,1
BHAVNAGAR,17753161,3689036,DR.BHARATIBEN DHIRUBHAI SHIYAL,1,FEMALE,55,661273,1,0
BHAVNAGAR,75961835,5595198,PATEL MANHARBHAI NAGJIBHAI (VASANI),0,MALE,50,331754,2,0
BHILWARA,232703276,1827380,SUBHASH CHANDRA BAHERIA,1,MALE,62,938160,1,0
BHILWARA,74900711,24650224,RAM PAL SHARMA,0,MALE,52,326160,2,1
BHIND,51108660,13400000,SANDHYA RAY,1,FEMALE,45,527694,1,0
BHIND,746723,,DEVASHISH,0,MALE,28,327809,2,0
BHIND,12571690,540000,BABU RAM JAMOR,0,MALE,67,66613,3,0
BHIWANDI,418850781,5645459,KAPIL MORESHWAR PATIL,1,MALE,58,523583,1,0
BHIWANDI,324522111,964774,TAWARE SURESH KASHINATH,0,MALE,62,367254,2,1
BHIWANDI,50883853,,PROF. (DR.) ARUN SAVANT,0,MALE,69,51455,3,0
BHIWANI-MAHENDRAGARH,60642205,240000,Dharambir Singh S/o Bhale Ram,1,MALE,64,736699,1,0
BHIWANI-MAHENDRAGARH,1016118000,151084000,Shruti Choudhry,0,FEMALE,43,292236,2,0
BHIWANI-MAHENDRAGARH,91521178,45967727,Swati Yadav,0,FEMALE,30,84956,3,0
BHONGIR,162543845,24069129,Komati Reddy Venkat Reddy,1,MALE,55,532795,1,1
BHONGIR,237458144,42963534,Dr. Boora Narsaiah Goud,0,MALE,60,527576,2,0
BHONGIR,323073107,49080220,P.V. Shyam Sunder Rao,0,MALE,46,65457,3,1
BHOPAL,444224,,SADHVI PRAGYA SINGH THAKUR,1,FEMALE,49,866482,1,1
BHOPAL,380727853,13972396,DIGVIJAYA SINGH,0,MALE,71,501660,2,1
BHUBANESWAR,31677600,4329959,APARAJITA SARANGI,1,FEMALE,49,486991,1,0
BHUBANESWAR,92700106,270000,Arup Mohan Patnaik,0,MALE,63,463152,2,0
BIDAR,51836416,10239000,BHAGWANTH KHUBA,1,MALE,50,585471,1,1
BIDAR,123313691,7332800,ESHWAR B. KHANDRE,0,MALE,57,468637,2,0
BIJAPUR,504122985,1600000,JIGAJINAGI RAMESH CHANDAPPA,1,MALE,66,635867,1,0
BIJAPUR,49482018,14184713,DR. SUNITA DEVANAND CHAVAN,0,FEMALE,42,377829,2,0
BIJNOR,2499628021,1016148176,MALOOK NAGAR,1,MALE,53,561045,1,1
BIJNOR,49867061,,RAJA BHARATENDRA SINGH,0,MALE,55,491104,2,1
BIKANER,23524459,1060314,ARJUN RAM MEGHWAL,1,MALE,65,657743,1,0
BIKANER,39962659,4966129,MADAN GOPAL MEGHWAL,0,MALE,55,393662,2,0
BILASPUR,13544588,50000,ARUN SAO,1,MALE,51,634559,1,0
BILASPUR,158233341,11386394,ATAL SHRIVASTAV,0,MALE,51,492796,2,1
BIRBHUM,48652722,18604443,SATABDI ROY,1,FEMALE,49,654077,1,0
BIRBHUM,6559932,100000,DUDH KUMAR MONDAL,0,MALE,63,565153,2,1
BIRBHUM,11877651,1595184,KARIM REZAUL,0,MALE,54,96763,3,0
BIRBHUM,12369362,,IMAM HOSSAIN,0,MALE,51,75546,4,0
BISHNUPUR,8656777,1077120,KHAN SAUMITRA,1,MALE,38,657019,1,1
BISHNUPUR,4642924,650000,SHYAMAL SANTRA,0,MALE,39,578972,2,0
BISHNUPUR,20299997,,KHAN SUNIL,0,MALE,72,102615,3,0
BOLANGIR,379590851,7500000,Sangeeta Kumari Singh Deo,1,FEMALE,57,498086,1,0
BOLANGIR,204895169,13342386,Kalikesh Narayan Singh Deo,0,MALE,45,478570,2,0
BOLANGIR,26771555,3673500,Samarendra Mishra,0,MALE,45,271056,3,0
BOLPUR,1310691,,ASIT KUMAR MAL,1,MALE,63,699171,1,0
BOLPUR,11501067,4905000,DAS RAMPRASAD,0,MALE,53,592769,2,0
BOLPUR,2320217,,RAM CHANDRA DOME,0,MALE,61,91964,3,1
BULANDSHAHR,18728861,,BHOLA SINGH,1,MALE,42,681321,1,1
BULANDSHAHR,47337130,8609902,YOGESH VERMA,0,MALE,50,391264,2,1
BULDHANA,116272966,735482,Jadhav Prataprao Ganpatrao,1,MALE,58,521977,1,1
BULDHANA,95350365,21940000,Dr. Rajendra Bhaskarrav Shingne,0,MALE,58,388690,2,1
BULDHANA,43855736,1730992,Siraskar Baliram Bhagwan,0,MALE,57,172627,3,1
BUXAR,40183612,1350667,Ashwini Kumar Choubey,1,MALE,66,473053,1,1
BUXAR,35871242,530000,Jagadanand Singh,0,MALE,75,355444,2,1
BUXAR,9632514,265000,Sushil Kumar Singh,0,MALE,50,80261,3,1
CHALAKUDY,20461931,915938,BENNY BEHANAN,1,MALE,66,473444,1,1
CHALAKUDY,67456404,670000,INNOCENT,0,MALE,71,341170,2,0
CHALAKUDY,21383000,5462000,A N RADHAKRISHNAN,0,MALE,59,154159,3,1
CHAMARAJANAGAR,143804441,324909,V. SRINIVAS PRASAD,1,MALE,71,568537,1,0
CHAMARAJANAGAR,92418254,2190481,R. DHRUVANARAYANA,0,MALE,58,566720,2,0
CHAMARAJANAGAR,16580750,11600000,Dr. SHIVAKUMARA,0,MALE,42,87631,3,0
CHANDAULI,33359734,,Dr. Mahendra Nath Pandey,1,MALE,62,510733,1,0
CHANDAULI,4015011,369000,Sanjay Singh Chauhan,0,MALE,43,496774,2,1
CHANDIGARH,474983574,6279188,KIRRON KHER,1,FEMALE,66,231188,1,0
CHANDIGARH,95583235,,PAWAN KUMAR BANSAL,0,MALE,70,184218,2,0
CHANDIGARH,243011000,,HARMOHAN DHAWAN,0,MALE,78,13781,3,0
CHANDNI CHOWK,30171897,,HARSH VARDHAN,1,MALE,64,519055,1,0
CHANDNI CHOWK,96159175,,JAI PRAKASH AGARWAL,0,MALE,74,290910,2,0
CHANDNI CHOWK,204351194,737055,PANKAJ KUMAR GUPTA,0,MALE,52,144551,3,0
CHANDRAPUR,137455342,22752880,Balubhau alias Suresh Narayan Dhanorkar,1,MALE,43,559507,1,1
CHANDRAPUR,18300860,45386,Ahir Hansraj Gangaram,0,MALE,64,514744,2,0
CHANDRAPUR,19703000,6978054,Adv. Rajendra Shriramji Mahadole,0,MALE,48,112079,3,1
CHATRA,226209137,1889051,SUNIL KUMAR SINGH,1,MALE,55,528077,1,0
CHATRA,44186530,249224,MANOJ KUMAR YADAV,0,MALE,62,150206,2,0
CHATRA,53288310,5208407,SUBHASH PRASAD YADAV,0,MALE,52,83425,3,1
CHENNAI CENTRAL,116790616,,DAYANIDHI MARAN,1,MALE,52,448911,1,1
CHENNAI CENTRAL,299512500,258028373,SAM PAUL. S.R.,0,MALE,41,147391,2,0
CHENNAI CENTRAL,71905468,9490525,KAMEELA NASSER,0,FEMALE,54,92249,3,0
CHENNAI CENTRAL,17606805,10680758,Dr.KARTHIKEYAN. R,0,MALE,31,30886,4,0
CHENNAI NORTH,405294714,258386550,Dr. KALANIDHI VEERASWAMY,1,MALE,49,590986,1,0
CHENNAI NORTH,45742218,2831960,ALAGAAPURAM R. MOHANRAJ,0,MALE,65,129468,2,1
CHENNAI NORTH,41590000,12497000,A. G. MOURYA,0,MALE,62,103167,3,0
CHENNAI NORTH,1157000,130000,KALIYAMMAL.P,0,FEMALE,33,60515,4,1
CHENNAI NORTH,177000,,P.SANTHANA KRISHNAN,0,MALE,44,33277,5,0
CHENNAI SOUTH,91793460,500000,T.SUMATHY (A) THAMIZHACHI THANGAPANDIAN,1,FEMALE,56,564872,1,0
CHENNAI SOUTH,32896587,9621000,Dr.J.JAYAVARDHAN,0,MALE,31,302649,2,0
CHENNAI SOUTH,22654934,689310,R.RANGARAJAN,0,MALE,40,135465,3,0
CHENNAI SOUTH,3466760,,A.J.SHERINE,0,FEMALE,26,50222,4,0
CHEVELLA,1634695131,197007553,Dr. G. Ranjith Reddy,1,MALE,54,528148,1,0
CHEVELLA,8950179170,358127700,Konda Vishweshwar Reddy,0,MALE,59,513831,2,1
CHEVELLA,1197313405,66870634,B. Janardhan Reddy,0,MALE,58,201960,3,0
CHHINDWARA,6601946757,8791712,NAKUL KAMAL NATH,1,MALE,44,587305,1,0
CHHINDWARA,9006200,236000,NATHANSAHA KAWRETI,0,MALE,57,549769,2,0
CHHINDWARA,6264000,2075000,MANMOHAN SHAH BATTI,0,MALE,56,35968,3,1
CHHOTA UDAIPUR,8634660,,RATHVA GITABEN VAJESINGBHAI,1,FEMALE,47,764445,1,0
CHHOTA UDAIPUR,34721898,3769537,RATHAVA RANJITSINH MOHANSINH,0,MALE,53,386502,2,0
CHIDAMBARAM,9244092,394248,THIRUMAAVALAVAN THOL,1,MALE,56,500229,1,1
CHIDAMBARAM,27182370,5873380,CHANDRASEKAR P,0,MALE,46,497010,2,0
CHIDAMBARAM,14672869,5800000,ELAVARASAN A,0,MALE,55,62308,3,0
CHIKKBALLAPUR,1153501141,,B.N.Bache Gowda,1,MALE,76,745912,1,0
CHIKKBALLAPUR,234515884,104316683,M.Veerappa Moily,0,MALE,79,563802,2,0
CHIKKODI,344922831,195595693,ANNASAHEB SHANKAR JOLLE,1,MALE,55,645017,1,0
CHIKKODI,192138555,3881000,PRAKASH BABANNA HUKKERI,0,MALE,72,526140,2,0
CHITRADURGA,96197642,,A NARAYANASWAMY,1,MALE,62,626195,1,0
CHITRADURGA,48222730,,B N CHANDRAPPA,0,MALE,64,546017,2,0
CHITTOOR,17355862,1341542,N. REDDEPPA,1,MALE,68,686792,1,0
CHITTOOR,69628816,,NARAMALLI SIVA PRASAD,0,MALE,67,549521,2,0
CHITTORGARH,19725115,100000,Chandra Prakash Joshi,1,MALE,43,982942,1,0
CHITTORGARH,4594912,,Gopal Singh Shekhawat,0,MALE,68,406695,2,0
CHURU,36723865,15163379,RAHUL KASWAN,1,MALE,42,792999,1,0
CHURU,582281544,464721999,RAFIQUE MANDELIA,0,MALE,58,458597,2,1
COIMBATORE,20284430,3234168,NATARAJAN. P.R,1,MALE,68,571150,1,1
COIMBATORE,671140166,23686000,RADHAKRISHNAN. C.P,0,MALE,61,392007,2,0
COIMBATORE,1333052340,115756111,MAHENDRAN. R,0,MALE,55,145104,3,0
COIMBATORE,855083,,KALYANA SUNDARAM. S,0,MALE,36,60519,4,0
COOCH BEHAR,9629810,,NISITH PRAMANIK,1,MALE,33,731594,1,1
COOCH BEHAR,41775148,4120964,ADHIKARY PARESH CHANDRA,0,MALE,66,677363,2,0
COOCH BEHAR,4644800,400000,GOBINDA CHANDRA ROY,0,MALE,61,46810,3,1
CUDDALORE,423378552,102828604,T. R. V .S. RAMESH,1,MALE,48,522160,1,0
CUDDALORE,254147934,1065600,Dr. R. GOVINDASAMY,0,MALE,69,378177,2,1
CUDDALORE,910000,,K. THANGAVEL,0,MALE,49,44892,3,0
CUDDALORE,640737,,R. CHITHRA,0,FEMALE,40,34692,4,0
CUTTACK,106894976,,BHARTRUHARI MAHTAB,1,MALE,62,524592,1,0
CUTTACK,93102541,,PRAKASH MISHRA,0,MALE,63,403391,2,0
CUTTACK,8739577,152000,PANCHANAN KANUNGO,0,MALE,67,99847,3,1
DADRA AND NAGAR HAVELI,708885980,37268162,DELKAR MOHANBHAI SANJIBHAI,1,MALE,56,90421,1,0
DADRA AND NAGAR HAVELI,496942663,215617501,PATEL NATUBHAI GOMANBHAI,0,MALE,46,81420,2,1
DADRA AND NAGAR HAVELI,5430633,,TOKIYA PRABHUBHAI,0,MALE,40,8608,3,1
DAHOD,27070480,,JASHVANTSINH SUMANBHAI BHABHOR,1,MALE,52,561760,1,0
DAHOD,48020539,2490502,KATARA BABUBHAI KHIMABHAI,0,MALE,58,434164,2,1
DAKSHINA KANNADA,14678300,4450945,NALIN KUMAR KATEEL,1,MALE,52,774285,1,1
DAKSHINA KANNADA,32963608,14804098,MITHUN M RAI,0,MALE,34,499664,2,1
DAKSHINA KANNADA,501640,,MOHAMMED ELIYAS,0,MALE,57,46839,3,1
DAMAN & DIU,213993750,9969514,LALUBHAI BABUBHAI PATEL,1,MALE,63,37597,1,0
DAMAN & DIU,173222574,43113473,KETAN DAHYABHAI PATEL,0,MALE,44,27655,2,1
DAMAN & DIU,2698150,,PATEL UMESHBHAI BABUBHAI,0,MALE,42,19938,3,1
DAMOH,43292483,4230614,PRAHALAD SINGH PATEL,1,MALE,59,704524,1,0
DAMOH,23844753,120000,PRATAP SINGH,0,MALE,57,351113,2,0
DAMOH,2188000,,"JITTU KHARE ""BADAL""",0,MALE,34,45848,3,0
DARBHANGA,19301808,1039660,Gopal Jee Thakur,1,MALE,49,586668,1,0
DARBHANGA,21127716,911152,Abdul Bari Siddiqui,0,MALE,67,318689,2,0
DARJEELING,151106062,27428941,RAJU BISTA,1,MALE,33,750067,1,0
DARJEELING,17051116,120000,AMAR SINGH RAI,0,MALE,71,336624,2,1
DARJEELING,36563205,,Sankar Malakar,0,MALE,65,65186,3,1
DARJEELING,2994408,,SAMAN PATHAK,0,MALE,46,50524,4,1
DAUSA,143742564,5825431,Jaskaur Meena,1,FEMALE,71,548733,1,0
DAUSA,111123791,1432480,Savita Meena,0,FEMALE,54,470289,2,0
DAVANAGERE,380164932,14670809,G M SIDDESHWAR,1,MALE,67,652996,1,0
DAVANAGERE,30895000,1412482,H B MANJAPPA,0,MALE,51,483294,2,0
DEORIA,29451678,9310684,RAMAPATI RAM TRIPATHI,1,MALE,69,580644,1,1
DEORIA,1240000,,BINOD KUMAR JAISWAL,0,MALE,56,330713,2,1
DEWAS,3812464,1832631,MAHENDRA SINGH SOLANKY,1,MALE,35,862429,1,0
DEWAS,12898376,810000,PRAHLAD SINGH TIPANYA,0,MALE,65,490180,2,0
DHANBAD,27286918,,PASHUPATI NATH SINGH,1,MALE,69,827234,1,0
DHANBAD,84026755,5147300,KIRTI AZAD,0,MALE,58,341040,2,1
DHAR,23198238,2471613,CHATTARSINGH DARBAR,1,MALE,65,722147,1,1
DHAR,53425064,4484036,GIRWAL DINESH,0,MALE,38,566118,2,0
DHARMAPURI,48477451,6053502,DNV SENTHILKUMAR. S.,1,MALE,41,574988,1,1
DHARMAPURI,338535112,72681681,ANBUMANI RAMADOSS,0,MALE,50,504235,2,1
DHARMAPURI,11315861,600000,PALANIAPPAN. P.,0,MALE,57,53655,3,1
DHARWAD,111384447,51736254,Pralhad Joshi,1,MALE,56,684837,1,1
DHARWAD,197860927,,Vinay Kulkarni,0,MALE,52,479765,2,0
DHAURAHRA,24735488,7095916,REKHA VERMA,1,FEMALE,45,512905,1,1
DHAURAHRA,524986176,176677024,ARSHAD ILIYAS SIDDIQUI,0,MALE,63,352294,2,1
DHAURAHRA,121801005,,KUNWAR JITIN PRASADA,0,MALE,42,162856,3,0
DHENKANAL,14529286,,MAHESH SAHOO,1,MALE,58,522884,1,1
DHENKANAL,3628704,,RUDRA NARAYAN PANY,0,MALE,59,487472,2,1
DHENKANAL,154100240,,RAJA KAMAKHYA PRASAD SINGH DEO,0,MALE,77,80349,3,0
DHUBRI,788064044,10159381,BADRUDDIN AJMAL,1,MALE,63,718764,1,1
DHUBRI,37395652,2210543,ABU TAHER BEPARI,0,MALE,52,492506,2,1
DHUBRI,12133685,1391293,ZABED ISLAM,0,MALE,50,399733,3,0
DHULE,158651112,1000000,Bhamre Subhash Ramrao,1,MALE,66,613533,1,1
DHULE,420966036,585784500,Kunalbaba Rohidas Patil,0,MALE,45,384290,2,1
DHULE,117652383,,Nabi Ahmad Ahmad Dulla,0,MALE,46,39449,3,1
DIAMOND HARBOUR,13794320,,ABHISHEK BANERJEE,1,MALE,31,791127,1,0
DIAMOND HARBOUR,4559455,935601,NILANJAN ROY,0,MALE,43,470533,2,1
DIAMOND HARBOUR,36020256,,Dr. FUAD HALIM,0,MALE,48,93941,3,0
DIBRUGARH,4370067,,RAMESWAR TELI,1,MALE,48,659583,1,0
DIBRUGARH,57488181,,PABAN SINGH GHATOWAR,0,MALE,67,295017,2,0
DINDIGUL,148076407,31474526,"VELUSAMY, P.",1,MALE,52,746523,1,0
DINDIGUL,38770497,8000000,"JOTHIMUTHU, K.",0,MALE,48,207551,2,1
DINDIGUL,1549689,,"JOTHI MURUGAN,P.",0,MALE,42,62875,3,1
DINDIGUL,58904398,25302234,"SUTHAKARAN, S. Dr.",0,MALE,52,38784,4,0
DINDORI,122885349,1449572,Dr. Bharati Pravin Pawar,1,FEMALE,40,567470,1,0
DINDORI,11989452,12518538,Dhanraj Haribhau Mahale,0,MALE,44,368691,2,1
DINDORI,22228892,683365,Gavit Jeeva Pandu,0,MALE,70,109570,3,1
DINDORI,3360369,220000,Bapu Kelu Barde,0,MALE,53,58847,4,0
DOMARIYAGANJ,103366710,2838478,JAGDAMBIKA PAL,1,MALE,68,492253,1,1
DOMARIYAGANJ,63242772,19391778,AFTAB ALAM,0,MALE,37,386932,2,1
DOMARIYAGANJ,64076173,24438446,CHANDRASH ALIAS CHANDRESH KUMAR UPADHYAY,0,MALE,37,60549,3,0
DUM DUM,42518790,,SOUGATA RAY,1,MALE,71,512062,1,1
DUM DUM,706493,,SAMIK BHATTACHARYA,0,MALE,53,459060,2,1
DUM DUM,7743732,,NEPALDEB BHATTACHARYA,0,MALE,67,167590,3,1
DUMKA,4737559,685516,SUNIL SOREN,1,MALE,39,484923,1,0
DUMKA,72593962,14999229,SHIBU SOREN,0,MALE,72,437333,2,0
DURG,34429027,8748686,VIJAY BAGHEL,1,MALE,59,849374,1,0
DURG,54656426,878370,PRATIMA CHANDRAKAR,0,FEMALE,61,457396,2,0
EAST DELHI,1471587789,342035860,GAUTAM GAMBHIR,1,MALE,37,696156,1,1
EAST DELHI,50452066,,ARVINDER SINGH LOVELY,0,MALE,50,304934,2,0
EAST DELHI,12012824,,ATISHI,0,FEMALE,37,219328,3,1
ELURU,462808829,33560974,KOTAGIRI SRIDHAR,1,MALE,46,676809,1,0
ELURU,199762023,33303902,MAGANTTI VENKATESWARA RAO BABU,0,MALE,59,510884,2,1
ERNAKULAM,7908467,200000,HIBI EDEN,1,MALE,35,491263,1,1
ERNAKULAM,48174090,1629133,P RAJEEV,0,MALE,51,322110,2,1
ERNAKULAM,115836275,,ALPHONS KANNANTHANAM,0,MALE,65,137749,3,1
ERODE,43110000,2060000,GANESHAMURTHI A,1,MALE,72,563591,1,0
ERODE,77573699,29371716,MANIMARAN G,0,MALE,52,352973,2,0
ERODE,11919500,3257200,SARAVANAKUMAR A,0,MALE,43,47719,3,0
ERODE,10895377,,SEETHALAKSHMI M K,0,FEMALE,43,39010,4,1
ETAH,383629735,100220000,Rajveer Singh (Raju Bhaiya),1,MALE,58,545348,1,0
ETAH,2046415655,53156203,Ku. Devendra Singh Yadav,0,MALE,70,422678,2,0
ETAWAH,15154538,7304616,Dr RAM SHANKAR KATHERIA,0,MALE,54,522119,1,1
ETAWAH,11207526,2190246,KAMLESH KUMAR,0,MALE,35,457682,2,0
FAIZABAD,31884642,11276478,LALLU SINGH,1,MALE,64,529021,1,1
FAIZABAD,43920899,1560431,ANAND SEN,0,MALE,55,463544,2,1
FAIZABAD,14459169,409256,NIRMAL KHATRI,0,MALE,68,53386,3,1
FARIDABAD,369652786,105593242,KRISHAN PAL,1,MALE,62,913222,1,0
FARIDABAD,120803457,,AVTAR SINGH BHADANA,0,MALE,62,274983,2,1
FARIDABAD,69370850,2600000,MANDHIR MAAN,0,MALE,43,86752,3,0
FARIDKOT,19793884,311043,Mohammad Sadique,1,MALE,78,419065,1,0
FARIDKOT,82957653,,Gulzar Singh Ranike,0,MALE,61,335809,2,1
FARIDKOT,15138283,3500000,Prof. Sadhu Singh,0,MALE,78,115319,3,0
FARRUKHABAD,74964501,388246,Mukesh Rajput,1,MALE,50,569880,1,0
FARRUKHABAD,547843588,174106490,Manoj Agarwal,0,MALE,54,348178,2,1
FARRUKHABAD,384280845,,Salman Khurshid,0,MALE,66,55258,3,1
FATEHGARH SAHIB,32808836,,AMAR SINGH,1,MALE,65,411651,1,0
FATEHGARH SAHIB,40931745,21054000,DARBARA SINGH GURU,0,MALE,66,317753,2,1
FATEHGARH SAHIB,7689077,4479598,MANWINDER SINGH GIASPURA,0,MALE,44,142274,3,0
FATEHGARH SAHIB,5069771,,BANDEEP SINGH,0,MALE,35,62881,4,0
FATEHPUR,10667372,910148,NIRANJAN JYOTI,1,FEMALE,52,566040,1,0
FATEHPUR,74544921,4500729,SUKHDEV PRASAD VERMA,0,MALE,62,367835,2,0
FATEHPUR,350670770,67794880,RAKESH SACHAN,0,MALE,63,66077,3,1
FATEHPUR SIKRI,14854247,356404,RAJKUMAR CHAHAR,1,MALE,52,667147,1,1
FATEHPUR SIKRI,182861705,12294927,RAJ BABBAR,0,MALE,68,172082,2,1
FATEHPUR SIKRI,13718806,,SHREEBHAGWAN SHARMA,0,MALE,44,168043,3,1
FIROZABAD,42872395,,Dr. Chandra Sen Jadon,1,MALE,68,495819,1,0
FIROZABAD,321157801,50358593,Akshay Yadav,0,MALE,32,467038,2,0
FIROZABAD,2006000,,Shivpal Singh Yadav,0,MALE,64,91869,3,0
FIROZPUR,2179919870,954852600,SUKHBIR SINGH BADAL,1,MALE,56,633427,1,1
FIROZPUR,85822451,11350390,SHER SINGH GHUBAYA,0,MALE,56,434577,2,0
GADCHIROLI-CHIMUR,50136369,15682840,ASHOK MAHADEORAO NETE,1,MALE,55,519968,1,0
GADCHIROLI-CHIMUR,16211186,2153155,Dr. NAMDEO DALLUJI USENDI,0,MALE,48,442442,2,0
GADCHIROLI-CHIMUR,10709012,600000,Dr. RAMESHKUMAR BABURAOJI GAJBE,0,MALE,66,111468,3,0
GANDHINAGAR,403275307,4769587,AMIT SHAH,1,MALE,54,894624,1,1
GANDHINAGAR,120468223,19223728,Dr. C. J. CHAVDA,0,MALE,61,337610,2,0
GANGANAGAR,21014362,3631287,NIHAL CHAND,1,MALE,48,897177,1,0
GANGANAGAR,8701890,4470443,BHARAT RAM MEGHWAL,0,MALE,63,490199,2,0
GARHWAL,15032657,3500000,Tirath Singh Rawat,1,MALE,55,506980,1,0
GARHWAL,79462193,5560112,Manish Khanduri,0,MALE,50,204311,2,0
GAUHATI,630219570,34034178,QUEEN OJA,1,FEMALE,67,1008936,1,0
GAUHATI,162399812,17591733,BOBBEETA SHARMA,0,FEMALE,52,663330,2,0
GAUTAM BUDDHA NAGAR,478759568,43863749,Dr. MAHESH SHARMA,1,MALE,59,830812,1,0
GAUTAM BUDDHA NAGAR,53581678,7070674,SATVEER,0,MALE,42,493890,2,1
GAYA,12766141,3148932,Vijay Kumar,1,MALE,55,467007,1,1
GAYA,3594156,61622,Jitan Ram Manjhi,0,MALE,73,314581,2,1
GHATAL,317320579,7879681,ADHIKARI DEEPAK (DEV),1,MALE,36,717959,1,0
GHATAL,180138687,7339380,BHARATI GHOSH,0,FEMALE,56,609986,2,1
GHATAL,2754951,,TAPAN GANGULI,0,MALE,63,97060,3,0
GHAZIABAD,56545702,,Vijay Kumar Singh,1,MALE,67,944503,1,1
GHAZIABAD,138522059,17300000,Suresh Bansal,0,MALE,76,443003,2,0
GHAZIABAD,21001366,,Dolly Sharma,0,FEMALE,34,111944,3,0
GHAZIPUR,137938756,,AFZAL ANSARI,1,MALE,65,566082,1,1
GHAZIPUR,45285263,6116500,MANOJ SINHA,0,MALE,59,446690,2,0
GHOSI,66536025,3454591,ATUL KUMAR SINGH,1,MALE,36,573829,1,1
GHOSI,34341628,2800000,HARINARAYAN,0,MALE,78,451261,2,0
GIRIDIH,13456889,1330000,Chandra Prakash Choudhary,1,MALE,50,648277,1,1
GIRIDIH,19570591,8156343,Jagarnath Mahto,0,MALE,52,399930,2,1
GODDA,462757500,,Nishikant Dubey,1,MALE,47,637610,1,1
GODDA,14197149,,Pradeep Yadav,0,MALE,53,453383,2,1
GONDA,232735285,23201603,KIRTI VARDHAN SINGH ALIAS RAJA BHAIYA,1,MALE,53,508190,1,0
GONDA,26080396,3500000,VINOD KUMAR ALIAS PANDIT SINGH,0,MALE,52,341830,2,1
GOPALGANJ,32739903,3576376,DR. ALOK KUMAR SUMAN,1,MALE,61,568150,1,0
GOPALGANJ,8195606,21600,SURENDRA RAM,0,MALE,41,281716,2,1
GORAKHPUR,208494688,17711043,Ravindra Shyamnarayan Shukla alias Ravi Kishan,1,MALE,51,717122,1,0
GORAKHPUR,39717782,2100000,Rambhual Nishad,0,MALE,58,415458,2,1
GULBARGA,37490597,,DR. UMESH G JADHAV,1,MALE,60,620192,1,0
GULBARGA,157722896,3122000,MALLIKARJUN KHARGE,0,MALE,77,524740,2,0
GUNA,16266408,494053,"KRISHNA PAL SINGH ""Dr. K. P. YADAV""",1,MALE,43,614049,1,0
GUNA,3745618745,2900000,JYOTIRADITYA M. SCINDIA,0,MALE,48,488500,2,0
GUNA,128273308,55970713,DHAKAD LOKENDRA SINGH RAJPOOT,0,MALE,41,37530,3,1
GUNTUR,3051485242,203452417,Jayadev Galla,1,MALE,53,587918,1,0
GUNTUR,137466129,1675274,Modugula Venugopala Reddy,0,MALE,52,583713,2,1
GUNTUR,32876690,12482935,Bonaboyina Srinivasa Rao (Bonaboyina Srinivasa Yadav),0,MALE,50,129205,3,1
GURDASPUR,871925679,534644785,SUNNY DEOL,1,MALE,59,558719,1,0
GURDASPUR,251762701,,SUNIL JAKHAR,0,MALE,65,476260,2,0
GURGAON,420970754,31500000,RAO INDERJIT SINGH,1,MALE,69,881546,1,0
GURGAON,274817503,10612632,CAPT. AJAY SINGH,0,MALE,60,495290,2,0
GWALIOR,58911673,,VIVEK NARAYAN SHEJWALKAR,1,MALE,71,627250,1,0
GWALIOR,371815574,64526891,ASHOK SINGH,0,MALE,56,480408,2,0
GWALIOR,1434500,,MAMTA BALVEER SINGH KUSHWAH,0,FEMALE,50,44677,3,0
HAJIPUR,62834200,6744375,PASHU PATI KUMAR PARAS,1,MALE,66,541310,1,1
HAJIPUR,18630915,4997011,SHIV CHANDRA RAM,0,MALE,49,335861,2,1
HAMIRPUR (HP),56770463,1085145,ANURAG SINGH THAKUR,1,MALE,44,682692,1,1
HAMIRPUR (UP),56770463,1085145,KUNWAR PUSHPENDRA SINGH CHANDEL,1,MALE,45,575122,1,1
HAMIRPUR (UP),8958922,,DILIP KUMAR SINGH,0,MALE,42,326470,2,0
HAMIRPUR (HP),34888616,,RAM LAL THAKUR,0,MALE,68,283120,2,0
HAMIRPUR (UP),34888616,,PRITAM SINGH LODHI KISAAN,0,MALE,64,114534,3,0
HARDOI,234032624,2615368,Jai Prakash,1,MALE,61,568143,1,0
HARDOI,42403277,1060839,Usha Verma,0,FEMALE,55,435669,2,0
HARDWAR,28739888,16444,Ramesh Pokhriyal 'Nishank',1,MALE,59,665674,1,0
HARDWAR,8548506,,Ambrish Kumar,0,MALE,70,406945,2,0
HARDWAR,869094791,278877123,Dr. Antriksh Saini,0,MALE,60,173528,3,0
HASSAN,97848632,37253210,PRAJWAL REVANNA,1,MALE,28,676606,1,0
HASSAN,231571214,28860107,MANJU A,0,MALE,60,535282,2,0
HASSAN,1290000,38000,VINODRAJ K H,0,MALE,29,38761,3,0
HATHRAS,14930000,,RAJVIR DILER,1,MALE,61,684299,1,0
HATHRAS,20654961,,RAMJI LAL SUMAN,0,MALE,68,424091,2,1
HATKANANGLE,47771462,41599959,Dhairyasheel Sambhajirao Mane,1,MALE,38,585776,1,0
HATKANANGLE,24421392,774059,Raju Anna Shetti,0,MALE,51,489737,2,1
HATKANANGLE,23211678,3782280,Aslam Badshahaji Sayyad,0,MALE,56,123419,3,0
HAVERI,718499195,165566495,UDASI. S.C.,1,MALE,52,683660,1,0
HAVERI,53424424,2574740,D.R. PATIL,0,MALE,72,542778,2,0
HAZARIBAGH,770749002,193271437,JAYANT SINHA,1,MALE,55,728798,1,0
HAZARIBAGH,346174281,21867709,GOPAL PRASAD SAHU,0,MALE,74,249250,2,0
HINDUPUR,1787356,730332,KURUVA GORANTLA MADHAV,1,MALE,50,706602,1,1
HINDUPUR,51375301,1011804,KRISTAPPA . NIMMALA,0,MALE,63,565854,2,1
HINGOLI,18594458,1299983,Hemant Patil,1,MALE,48,586312,1,0
HINGOLI,99463540,8059000,Wankhede Subhashrao Bapurao,0,MALE,56,308456,2,1
HINGOLI,11050000,800000,Mohan Fattusing Rathod,0,MALE,60,174051,3,0
HISAR,146408734,27225637,BRIJENDRA SINGH,1,MALE,46,603289,1,0
HISAR,769452859,68331773,DUSHYANT CHAUTALA,0,MALE,31,289221,2,0
HISAR,37990209,17978516,BHAVYA BISHNOI,0,MALE,26,184369,3,0
HISAR,11653061,,SURINDER SHARMA,0,MALE,58,45190,4,0
HOOGHLY,35655698,,LOCKET CHATTERJEE,1,FEMALE,45,671448,1,1
HOOGHLY,34779481,,DR. RATNA DE (NAG),0,FEMALE,70,598086,2,0
HOOGHLY,1675744,,PRADIP SAHA,0,MALE,54,121588,3,1
HOSHANGABAD,154783105,9103300,UDAY PRATAP SINGH,1,MALE,54,877927,1,1
HOSHANGABAD,15964904,1399664,SHAILENDRA DIWAN CHANDARBHAN SINGH,0,MALE,39,324245,2,0
HOSHIARPUR,29404519,,SOM PARKASH,1,MALE,70,421320,1,0
HOSHIARPUR,146589292,63299925,Dr. RAJ KUMAR CHABBEWAL,0,MALE,49,372790,2,0
HOSHIARPUR,20242482,530702,KHUSHI RAM,0,MALE,68,128564,3,0
HOSHIARPUR,32729653,6160003,Dr. RAVJOT SINGH,0,MALE,42,44914,4,1
HOWRAH,13216066,,Prasun Banerjee,1,MALE,64,576711,1,1
HOWRAH,5604890,,Rantidev Sengupta,0,MALE,60,473016,2,0
HOWRAH,1945900,,Sumitro Adhikary,0,MALE,44,105547,3,0
HYDERABAD,179044376,120500000,ASADUDDIN OWAISI,1,MALE,49,517471,1,1
HYDERABAD,8626993,4839,Dr. BHAGAVANTH RAO,0,MALE,67,235285,2,1
HYDERABAD,30700000,10400000,PUSTHE SRIKANTH,0,MALE,46,63239,3,0
HYDERABAD,7470000,,MOHAMMED FEROZ KHAN,0,MALE,46,49944,4,0
IDUKKI,13395011,10000000,Adv. DEAN KURIAKOSE,1,MALE,37,498493,1,1
IDUKKI,25000,,"Adv, JOICE GEORGE",0,MALE,49,327440,2,1
IDUKKI,16347063,1789000,BIJU KRISHNAN,0,MALE,49,78648,3,0
INDORE,59038508,2106382,SHANKAR LALWANI,1,MALE,57,1068569,1,1
INDORE,251892330,51105911,PANKAJ SANGHVI,0,MALE,58,520815,2,1
INNER MANIPUR,19616174,,DR RAJKUMAR RANJAN SINGH,1,MALE,67,263632,1,0
INNER MANIPUR,17867003,1401257,OINAM NABAKISHORE SINGH,0,MALE,59,245877,2,1
INNER MANIPUR,3558822,5589692,MOIRANGTHEM NARA SINGH,0,MALE,69,133813,3,0
INNER MANIPUR,1454800,,RAJKUMAR SOMENDRO SINGH (KAIKU),0,MALE,40,81634,4,0
JABALPUR,43134351,1387000,RAKESH SINGH,1,MALE,56,826454,1,1
JABALPUR,669118888,11015354,Pt. VIVEK KRISHNA TANKHA,0,MALE,63,371710,2,0
JADAVPUR,24398786,1900788,MIMI CHAKRABORTY,1,FEMALE,30,688472,1,0
JADAVPUR,13431986,,ANUPAM HAZRA,0,MALE,37,393233,2,0
JADAVPUR,120034163,24358926,BIKASH RANJAN BHATTACHARYYA,0,MALE,68,302264,3,0
JAGATSINGHPUR,40023972,1433305,RAJASHREE MALLICK,1,FEMALE,54,619985,1,0
JAGATSINGHPUR,5405384,550000,BIBHU PRASAD TARAI,0,MALE,55,348330,2,0
JAGATSINGHPUR,2889737,275000,PRATIMA MALLICK,0,FEMALE,56,239684,3,0
JAHANABAD,139271693,,CHANDESHWAR PRASAD,1,MALE,68,335584,1,1
JAHANABAD,87352346,3063057,SURENDRA PRASAD YADAV,0,MALE,60,333833,2,1
JAIPUR,165322707,22000000,Ramcharan Bohra,1,MALE,61,924065,1,0
JAIPUR,7959622,2150000,Jyoti Khandelwal,0,FEMALE,44,493439,2,0
JAIPUR RURAL,127808070,,COL. RAJYAVARDHAN RATHORE,1,MALE,49,820132,1,0
JAIPUR RURAL,35999524,4327330,KRISHNA POONIA,0,FEMALE,41,426961,2,0
JAJPUR,15837082,,SARMISTHA SETHI,1,FEMALE,45,544020,1,0
JAJPUR,24585630,1246347,AMIYA KANTA MALLICK,0,MALE,61,442327,2,1
JAJPUR,13861925,2760000,MANAS JENA,0,MALE,50,83321,3,0
JALANDHAR,99925185,2534363,Santokh Singh Chaudhary,1,MALE,72,385712,1,0
JALANDHAR,38633246,2297303,Charanjit Singh Atwal,0,MALE,82,366221,2,0
JALANDHAR,1048289,32500,Balwinder Kumar,0,MALE,40,204783,3,0
JALAUN,10699516,12265,BHANU PRATAP SINGH VERMA,1,MALE,60,581763,1,1
JALAUN,19137271,661326,AJAY SINGH (PANKAJ),0,MALE,46,423386,2,0
JALAUN,35424896,4343988,BRIJLAL KHABRI,0,MALE,56,89606,3,0
JALGAON,12324604,2529954,Unmesh Bhaiyyasaheb Patil,1,MALE,40,713874,1,1
JALGAON,50652517,8552661,Gulabrao Baburao Deokar,0,MALE,63,302257,2,1
JALNA,229557992,2400000,Danve Raosaheb Dadarao,0,MALE,65,698019,1,1
JALNA,278237603,15678811,Autade Vilas Keshavrao,0,MALE,50,365204,2,1
JALNA,23282500,,Dr. Sharadchandra Wankhede,0,MALE,65,77158,3,1
JALORE,88332292,60936530,Devaji Patel,1,MALE,42,772833,1,0
JALORE,23361271,4544357,Ratan Devasi,0,MALE,44,511723,2,0
JALPAIGURI,11625047,1352581,Dr. JAYANTA KUMAR ROY,1,MALE,51,760145,1,0
JALPAIGURI,14612159,,BIJOY CHANDRA BARMAN,0,MALE,62,576141,2,0
JALPAIGURI,30818307,,BHAGIRATH CHANDRA ROY,0,MALE,62,76166,3,0
JAMMU,56481801,350040219,Jugal Kishore,1,MALE,56,858066,1,0
JAMMU,59272009,6805874,Raman Bhalla,0,MALE,56,555191,2,0
JAMNAGAR,427331034,98632194,POONAMBEN HEMATBHAI MAADAM,1,FEMALE,44,591588,1,0
JAMNAGAR,290828040,43838249,KANDORIYA MULUBHAI RANMALBHAI,0,MALE,60,354784,2,1
JAMSHEDPUR,27750671,2961830,Bidyut Baran Mahato,1,MALE,56,679632,1,1
JAMSHEDPUR,22822491,7650059,Champai Soren,0,MALE,62,377542,2,1
JAMUI,18466066,,CHIRAG KUMAR PASWAN,1,MALE,37,529134,1,1
JAMUI,824836,,BHUDEO CHOUDHARY,0,MALE,56,288085,2,1
JANGIPUR,368306705,2248968,KHALILUR RAHAMAN,1,MALE,58,562838,1,0
JANGIPUR,2408235,,MAFUJA KHATUN,0,FEMALE,48,317056,2,1
JANGIPUR,143350474,30421037,ABHIJIT MUKHERJEE,0,MALE,59,255836,3,0
JANGIPUR,8664555,1300000,MD. ZULFIKAR ALI,0,MALE,53,95501,4,0
JANJGIR-CHAMPA,18400837,,GUHARAM AJGALLEY,1,MALE,52,572790,1,0
JANJGIR-CHAMPA,15316449,744582,RAVI PARASRAM BHARDWAJ,0,MALE,42,489535,2,0
JANJGIR-CHAMPA,18596521,1970757,DAURAM RATNAKAR,0,MALE,60,131387,3,0
JAUNPUR,140717620,3577000,SHYAM SINGH YADAV,1,MALE,65,521128,1,0
JAUNPUR,113972361,1751674,KRISHNA PRATAP SINGH K.P.,0,MALE,42,440192,2,0
JAYNAGAR,27471675,,PRATIMA MONDAL,1,FEMALE,53,761202,1,0
JAYNAGAR,28492070,2081000,DR. ASHOK KANDARY,0,MALE,43,444427,2,0
JAYNAGAR,155500,,JAYKRISHNA HALDAR,0,MALE,64,38261,3,1
JHALAWAR-BARAN,370432373,85824156,DUSHYANT SINGH,1,MALE,48,887400,1,0
JHALAWAR-BARAN,15574521,1994024,PRAMOD SHARMA,0,MALE,48,433472,2,1
JHANJHARPUR,88119686,1000000,Ramprit Mandal,1,MALE,63,602391,1,1
JHANJHARPUR,96821512,16777175,GULAB YADAV,0,MALE,51,279440,2,1
JHANSI,1243060113,14212970,Anurag Sharma,1,MALE,54,809272,1,0
JHANSI,272086643,,Shyam Sundar Singh,0,MALE,59,443589,2,1
JHANSI,45715000,2025000,Shivsharan,0,MALE,47,86139,3,1
JHARGRAM,10387498,565000,Kunar Hembram,1,MALE,56,626583,1,0
JHARGRAM,6702555,,Birbaha Saren,0,FEMALE,48,614816,2,1
JHARGRAM,1751916,44439,Deblina Hembram,0,FEMALE,48,75680,3,1
JHUNJHUNU,47474109,3278401,NARENDRA KUMAR,1,MALE,58,738163,1,1
JHUNJHUNU,7885036,,SHARWAN KUMAR S/O GOKAL RAM,0,MALE,64,435616,2,0
JODHPUR,138029511,58573744,Gajendra Singh Shekhawat,1,MALE,51,788888,1,1
JODHPUR,18606242,,Vaibhav Gehlot,0,MALE,38,514448,2,1
JORHAT,12597461,455398,TOPON KUMAR GOGOI,1,MALE,50,543288,1,0
JORHAT,21516244,,SUSHANTA BORGOHAIN,0,MALE,44,460635,2,0
JUNAGADH,10866041,1481768,CHUDASAMA RAJESHBHAI NARANBHAI,1,MALE,36,547744,1,1
JUNAGADH,24571504,2788342,VANSH PUNJABHAI BHIMABHAI,0,MALE,55,397533,2,0
KACHCHH,33508455,12458607,CHAVDA VINOD LAKHAMSHI,1,MALE,40,637034,1,0
KACHCHH,3813627,144294,NARESH NARANBHAI MAHESHWARI,0,MALE,52,331521,2,0
KADAPA,186969794,22833319,Y.S.Avinash Reddy,1,MALE,34,783499,1,1
KADAPA,30742398,961319,Adi Narayana Reddy Chadipirala,0,MALE,61,402773,2,0
KAIRANA,17292937,1300000,Pradeep Kumar,1,MALE,48,566961,1,1
KAIRANA,21404646,1193748,Tabassum Begum,0,FEMALE,48,474801,2,0
KAIRANA,57266147,5082884,Harendra Singh Malik,0,MALE,64,69355,3,0
KAISERGANJ,98905402,61524736,Brijbhusan Sharan Singh,1,MALE,62,581358,1,1
KAISERGANJ,17297000,2000000,Chandradev Ram Yadav,0,MALE,66,319757,2,1
KAKINADA,202528594,34416887,VANGA GEETHAVISWANATH,1,FEMALE,55,537630,1,0
KAKINADA,253266524,18310000,CHALAMALASETTY SUNIL,0,MALE,49,511892,2,0
KAKINADA,173451539,1150000,JYOTHULA VENKATESWARA RAO,0,MALE,62,132648,3,0
KALAHANDI,9547000,,BASANTA KUMAR PANDA,1,MALE,58,433074,1,1
KALAHANDI,25884601,456763,PUSPENDRA SINGH DEO,0,MALE,52,406260,2,0
KALAHANDI,16154671,8044387,BHAKTA CHARAN DAS,0,MALE,60,319202,3,1
KALIABOR,13727834,1250000,Gaurav Gogoi,1,MALE,36,786092,1,0
KALIABOR,2750757,,Moni Madhab Mahanta,0,MALE,41,576098,2,0
KALLAKURICHI,471186830,81131909,Gautham Sigamani Pon,1,MALE,44,721713,1,1
KALLAKURICHI,601747124,175246855,Sudhish L K,0,MALE,51,321794,2,1
KALLAKURICHI,8838575,1062000,Komugi Maniyan M,0,MALE,69,50179,3,0
KALYAN,19616515,1241233,Dr. SHRIKANT EKNATH SHINDE,1,MALE,32,559723,1,1
KALYAN,421863127,3587200,BABAJI BALARAM PATIL,0,MALE,52,215380,2,1
KALYAN,260000,814407,SANJAY HEDAOO,0,MALE,54,65572,3,1
KANCHEEPURAM,48172936,,Selvam.G,1,MALE,44,684004,1,0
KANCHEEPURAM,19631546,6500000,Maragatham K,0,FEMALE,36,397372,2,0
KANCHEEPURAM,15014,,Sivaranjani.D,0,FEMALE,26,62771,3,0
KANCHEEPURAM,250000,,Munusamy A,0,MALE,51,55213,4,0
KANDHAMAL,1244722,,ACHYUTANANDA SAMANTA,1,MALE,55,461679,1,0
KANDHAMAL,9415000,1050000,Mahameghabahan Aira Kharabela Swain,0,MALE,66,312463,2,0
KANDHAMAL,5330945,,Manoj Kumar Acharya,0,MALE,37,138993,3,0
KANGRA,85841247,3605161,Kishan Kapoor,1,MALE,67,725218,1,1
KANGRA,79478472,6642582,Pawan Kajal,0,MALE,45,247595,2,0
KANKER,28675553,679000,MOHAN MANDAVI,1,MALE,61,546233,1,0
KANKER,6666614,,BIRESH THAKUR,0,MALE,52,539319,2,0
KANNAUJ,54287991,28993930,SUBRAT PATHAK,1,MALE,39,563087,1,1
KANNAUJ,377859166,2853000,DIMPLE YADAV,0,FEMALE,41,550734,2,0
KANNIYAKUMARI,4174930444,1547511439,Vasanthakumar. H,1,MALE,68,627235,1,0
KANNIYAKUMARI,74996453,,RADHAKRISHNAN. P,0,MALE,67,367302,2,0
KANNUR,29699206,7468633,K. SUDHAKARAN,1,MALE,70,529741,1,1
KANNUR,24590760,,P. K. SREEMATHI TEACHER,0,FEMALE,69,435182,2,1
KANNUR,3290900,,C. K. PADMANABHAN,0,MALE,70,68509,3,0
KANPUR,132382819,31052190,Satyadev Pachauri,1,MALE,71,468937,1,0
KANPUR,78641628,,Sriprakash Jaiswal,0,MALE,74,313003,2,0
KANPUR,198048000,610000,Ram Kumar,0,MALE,61,48275,3,1
KANTHI,33979650,,Adhikari Sisir,1,MALE,77,711872,1,1
KANTHI,19292281,6000000,Dr. Debasis Samanta,0,MALE,46,600204,2,0
KANTHI,888311,,Paritosh Pattanayak,0,MALE,38,76185,3,1
KARAKAT,43442051,3000000,MAHABALI SINGH,1,MALE,64,398408,1,1
KARAKAT,31034113,1358960,UPENDRA KUSHWAHA,0,MALE,56,313866,2,1
KARAULI-DHOLPUR,64867148,22121569,MANOJ RAJORIA,1,MALE,49,526443,1,0
KARAULI-DHOLPUR,5376898,,SANJAY KUMAR,0,MALE,31,428761,2,0
KARIMGANJ,1871040,,KRIPANATH MALLAH,1,MALE,46,473046,1,0
KARIMGANJ,12170204,,RADHESHYAM BISWAS,0,MALE,66,434657,2,0
KARIMGANJ,9106386,4782191,SWARUP DAS,0,MALE,37,120452,3,1
KARIMNAGAR,2270000,1341800,BANDI SANJAY KUMAR,1,MALE,47,498276,1,1
KARIMNAGAR,121487098,3045917,BOIANAPALLI VINOD KUMAR,0,MALE,59,408768,2,0
KARIMNAGAR,9478606,,Ponnam Prabhaker,0,MALE,52,179258,3,1
KARNAL,2256739,500000,Sanjay Bhatia,1,MALE,51,911594,1,0
KARNAL,113355363,1011148,Kuldip Sharma,0,MALE,62,255452,2,0
KARNAL,3462000,,Pankaj,0,MALE,31,67183,3,0
KARUR,6046055,379000,Jothimani S,1,FEMALE,43,695697,1,0
KARUR,255283854,83215997,Thambidurai M,0,MALE,73,275151,2,1
KARUR,54164676,8906407,Karuppaiya R,0,MALE,53,38543,3,0
KARUR,334500,,Thangavel P S N,0,MALE,52,31139,4,0
KASARAGOD,21570257,862257,Rajmohan Unnithan,1,MALE,65,474961,1,1
KASARAGOD,6481669,1015342,K. P. Sathishchandran,0,MALE,61,434523,2,1
KASARAGOD,6843278,1901899,Ravisha Thanthri Kuntar,0,MALE,52,176049,3,1
KATIHAR,13302734,3130766,DULAL CHANDRA GOSWAMI,1,MALE,51,559423,1,1
KATIHAR,119291973,582950,TARIQ ANWAR,0,MALE,68,502220,2,1
KAUSHAMBI,59336113,20730086,VINOD KUMAR SONKAR,1,MALE,49,383009,1,1
KAUSHAMBI,110999555,20623099,INDRAJEET SAROJ,0,MALE,57,344287,2,1
KAUSHAMBI,38557366,3268327,SHAILENDRA KUMAR PASI,0,MALE,61,156406,3,1
KENDRAPARA,22309172,4133506,Anubhav Mohanty,1,MALE,37,630179,1,0
KENDRAPARA,574415842,600000,BAIJAYANT PANDA,0,MALE,55,476598,2,1
KENDRAPARA,40821148,3135045,DHARANIDHAR NAYAK,0,MALE,65,114089,3,0
KEONJHAR,340580,,Chandrani Murmu,0,FEMALE,25,526359,1,0
KEONJHAR,5512006,533728,Ananta Nayak,0,MALE,49,460156,2,1
KEONJHAR,7233000,744762,Mohan Kumar Hembram,0,MALE,43,128716,3,0
KHADOOR SAHIB,81393500,4655000,JASBIR SINGH GILL (DIMPA),1,MALE,48,459710,1,0
KHADOOR SAHIB,139193710,5098845,BIBI JAGIR KAUR,0,FEMALE,65,319137,2,1
KHADOOR SAHIB,11310000,,PARAMJIT KAUR KHALRA,0,FEMALE,65,214489,3,0
KHAGARIA,109788313,,Choudhary Mehboob Ali Kaiser,1,MALE,52,510193,1,1
KHAGARIA,119699803,16547563,Mukesh Sahani,0,MALE,40,261623,2,1
KHAGARIA,603000,,Priadarshi Dinkar,0,MALE,31,51847,3,0
KHAJURAHO,10589334,2507176,V.D. SHARMA (VISHNU DATT SHARMA),1,MALE,49,811135,1,0
KHAJURAHO,73695721,2160104,MAHARANI KAVITA SINGH NATIRAJA,0,FEMALE,39,318753,2,0
KHAJURAHO,39687180,4212532,VEER SINGH PATEL,0,MALE,39,40077,3,1
KHAMMAM,1074671341,80721594,NAMA NAGESWR RAO,1,MALE,62,567459,1,1
KHAMMAM,1131285724,116191184,RENUKA CHOWDHURY,0,FEMALE,64,399397,2,1
KHAMMAM,9611087,3185000,Boda Venkat,0,MALE,54,57102,3,0
KHANDWA,19076515,4819099,NANDKUMAR SINGH CHOUHAN (NANDU BHAIYA),1,MALE,66,838909,1,0
KHANDWA,389536712,196853975,ARUN SUBHASH CHANDRA YADAV,0,MALE,45,565566,2,0
KHARGONE,67303990,1885020,GAJENDRA UMRAO SINGH PATEL,1,MALE,43,773550,1,0
KHARGONE,19556340,,DR. GOVIND SUBHAN MUJALDA,0,MALE,55,571040,2,0
KHEDA,13023202,995240,Chauhan Devusinh,1,MALE,54,714572,1,0
KHEDA,86398716,25512343,Bimal Shah,0,MALE,58,347427,2,0
KHERI,45295455,,Ajay Kumar,1,MALE,60,609589,1,1
KHERI,1579411,,Dr. Purvi Verma,0,FEMALE,29,390782,2,0
KHERI,8936547,1061456,Zafar Ali Naqvi,0,MALE,71,92155,3,0
KHUNTI,91507865,27106434,ARJUN MUNDA,1,MALE,50,382638,1,0
KHUNTI,5111665,,KALI CHARAN MUNDA,0,MALE,57,381193,2,0
KISHANGANJ,90973803,5383958,Dr. Mohammad Jawed,1,MALE,54,367017,1,1
KISHANGANJ,19854930,3598799,Syed Mahmood Ashraf,0,MALE,54,332551,2,1
KISHANGANJ,7262890,1908918,Akhtarul Iman,0,MALE,55,295029,3,1
KODARMA,97636939,3189066,ANNPURNA DEVI,1,FEMALE,50,753016,1,0
KODARMA,10951372,,BABU LAL MARANDI,0,MALE,61,297416,2,1
KODARMA,14941593,3514000,RAJ KUMAR YADAV,0,MALE,46,68207,3,1
KOKRAJHAR,13013994,175069,Naba Kumar Sarania,1,MALE,50,484560,1,1
KOKRAJHAR,44714985,,Pramila Rani Brahma,0,FEMALE,69,446774,2,0
KOKRAJHAR,15108266,,Urkhao Gwra Brahma,0,MALE,56,312435,3,0
KOKRAJHAR,5327404,200000,Sabda Ram Rabha,0,MALE,50,147118,4,0
KOLAR,174557500,19865690,S. MUNISWAMY,1,MALE,44,709165,1,1
KOLAR,329443821,143795090,K.H. MUNIYAPPA,0,MALE,71,499144,2,1
KOLHAPUR,95171892,10580414,Sanjay Sadashivrao Mandlik,1,MALE,54,749085,1,0
KOLHAPUR,663140000,135455000,Dhananjay Mahadik,0,MALE,47,478517,2,1
KOLHAPUR,964227,,Dr. Aruna Mohan Mali,0,FEMALE,37,63439,3,1
KOLKATA DAKSHIN,10308401,,Mala Roy,1,FEMALE,61,573119,1,1
KOLKATA DAKSHIN,13591332,831824,Chandra Kumar Bose,0,MALE,58,417927,2,1
KOLKATA DAKSHIN,12530997,3862405,Nandini Mukherjee,0,FEMALE,53,140275,3,0
KOLKATA DAKSHIN,447511958,187853701,Mita Chakraborty,0,FEMALE,44,42618,4,0
KOLKATA UTTAR,61176355,,BANDYOPADHYAY SUDIP,1,MALE,70,474891,1,1
KOLKATA UTTAR,24520871,2057496,RAHUL (BISWAJIT) SINHA,0,MALE,55,347796,2,1
KOLKATA UTTAR,7477775,1200000,KANINIKA BOSE (GHOSH),0,FEMALE,50,71080,3,1
KOLLAM,17500650,3270587,N.K.Premachandran,1,MALE,58,499677,1,1
KOLLAM,9463866,2800000,K.N.Balagopal,0,MALE,55,350821,2,1
KOLLAM,26550000,6400000,Adv.K.V.Sabu,0,MALE,57,103339,3,0
KOPPAL,28725791,22475333,KARADI SANGANNA AMARAPPA,1,MALE,64,586783,1,1
KOPPAL,84922164,38412374,K.RAJASHEKAR BASAVARAJ HITNAL,0,MALE,38,548386,2,0
KORAPUT,37587560,1217963,SAPTAGIRI SANKAR ULAKA,1,MALE,40,371129,1,0
KORAPUT,40617427,,KAUSALYA HIKAKA,0,FEMALE,33,367516,2,0
KORAPUT,41944825,4200000,JAYARAM PANGI,0,MALE,63,208398,3,0
KORAPUT,316000,,BHASKAR MUTUKA,0,MALE,61,35764,4,0
KORBA,150639697,,JYOTSNA CHARANDAS MAHANT,1,FEMALE,65,523310,1,0
KORBA,17097616,295672,JYOTI NAND DUBEY,0,MALE,52,497061,2,0
KOTA,48347737,,OM BIRLA,1,MALE,56,800051,1,1
KOTA,80157459,13137155,RAMNARAIN MEENA,0,MALE,75,520374,2,0
KOTTAYAM,26027478,495778,Thomas Chazhikadan,1,MALE,66,421046,1,0
KOTTAYAM,7361071,637399,V.N. Vasavan,0,MALE,64,314787,2,0
KOTTAYAM,27643705,4036712,Adv. P.C Thomas,0,MALE,68,155135,3,1
KOZHIKODE,12502009,3174805,M.K.RAGHAVAN,1,MALE,66,493444,1,1
KOZHIKODE,11915342,2079872,A.PRADEEP KUMAR,0,MALE,55,408219,2,1
KOZHIKODE,3524377,343064,Adv.PRAKASH BABU,0,MALE,39,161216,3,1
KRISHNAGIRI,121087979,66817959,Dr.A.CHELLAKUMAR,1,MALE,58,611298,1,1
KRISHNAGIRI,115619769,,K.P.MUNUSAMY,0,MALE,67,454533,2,0
KRISHNANAGAR,26495250,671138,MAHUA MOITRA,1,FEMALE,44,614872,1,0
KRISHNANAGAR,22072625,1603339,KALYAN CHAUBEY,0,MALE,40,551654,2,0
KRISHNANAGAR,14839130,290686,JHA SHANTANU,0,MALE,57,120222,3,1
KRISHNANAGAR,10054478,,INTAJ ALI SHAH,0,MALE,70,38305,4,0
KURNOOL,325914387,62070621,AYUSHMAN DOCTOR SANJEEV KUMAR,1,MALE,52,605462,1,0
KURNOOL,174762674,1450000,KOTLA JAYA SURYA PRAKASH REDDY,0,MALE,67,456395,2,0
KURNOOL,158831414,,AHMED ALI KHAN,0,MALE,42,36500,3,0
KURUKSHETRA,35785621,5720000,NAYAB SINGH,1,MALE,49,688629,1,0
KURUKSHETRA,126385687,704496,NIRMAL SINGH,0,MALE,66,304038,2,1
KURUKSHETRA,54861000,,SHASHI,0,FEMALE,59,75625,3,0
KURUKSHETRA,63059996,1748226,ARJUN SINGH CHAUTALA,0,MALE,26,60679,4,0
KUSHI NAGAR,21860780,316847,VIJAY KUMAR DUBEY,1,MALE,50,597039,1,1
KUSHI NAGAR,37474062,4000000,N.P. KUSHWAHA ALIAS NATHUNI PRASAD KUSHWAHA,0,MALE,65,259479,2,0
KUSHI NAGAR,295474005,,KUNWER RATANJIT PRATAP NARAYAN SINGH,0,MALE,55,146151,3,0
LADAKH,981904,,Jamyang Tsering Namgyal,1,MALE,33,42914,1,1
LADAKH,2729608,,Sajjad Hussain,0,MALE,37,31984,2,0
LADAKH,2729608,,Asgar Ali Karbalai,0,MALE,54,29365,3,0
LADAKH,58318908,8765000,Rigzin Spalbar,0,MALE,61,21241,4,0
LAKHIMPUR,14307978,5839285,PRADAN BARUAH,1,MALE,53,776406,1,0
LAKHIMPUR,51185000,,ANIL BORGOHAIN,0,MALE,51,425855,2,0
LAKSHADWEEP,938641,,MOHAMMED FAIZAL PP,1,MALE,43,22851,1,1
LAKSHADWEEP,95047817,445771,HAMDULLAH SAYEED,0,MALE,36,22028,2,0
LAKSHADWEEP,49783111,2887460,DR. MOHAMMED SADIQUE KP,0,MALE,64,1342,3,0
LALGANJ,88451770,,Sangeeta Azad,1,FEMALE,44,518820,1,0
LALGANJ,46688371,4550000,Neelam Sonker,0,FEMALE,43,357223,2,1
LATUR,286478302,100250602,Sudhakar Tukaram Shrangare,1,MALE,57,661495,1,0
LATUR,125045318,19268169,Kamant Machhindra Gunwantrao,0,MALE,59,372384,2,0
LATUR,14323873,540000,Ram Garkar,0,MALE,59,112255,3,0
LOHARDAGA,12947303,525000,SUDARSHAN BHAGAT,1,MALE,52,371595,1,0
LOHARDAGA,21094142,3935029,SUKHDEO BHAGAT,0,MALE,57,361232,2,1
LUCKNOW,51492709,,Rajnath Singh,1,MALE,67,633026,1,0
LUCKNOW,1935459756,284863762,Poonam Shatrughan Sinha,0,FEMALE,68,285724,2,1
LUCKNOW,49765383,,Acharya Pramod Krishnam,0,MALE,56,180011,3,0
LUDHIANA,54281096,3331266,RAVNEET SINGH BITTU,1,MALE,43,383795,1,1
LUDHIANA,123412923,12443000,SIMARJEET SINGH BAINS,0,MALE,48,307423,2,1
LUDHIANA,41621765,,MAHESHINDER SINGH GREWAL,0,MALE,69,299435,3,0
MACHHLISHAHR,259027394,11194163,Bholanath (B.P. Saroj),1,MALE,58,488397,1,0
MACHHLISHAHR,102095537,11700000,Tribhuvan Ram (T.Ram),0,MALE,70,488216,2,1
MACHILIPATNAM,990575840,746310844,BALASHOWRY VALLABHANENI,1,MALE,50,572850,1,1
MACHILIPATNAM,58649214,16809408,KONAKALLA NARAYANA RAO,0,MALE,68,512612,2,0
MACHILIPATNAM,100800000,37600000,BANDREDDI RAMAKRISHNA,0,MALE,44,113442,3,0
MADHA,1275160578,896315287,Ranjeetsinha Hindurao Naik- Nimbalkar,1,MALE,42,586314,1,1
MADHA,493306415,112417440,Sanjaymama Vitthalrao Shinde,0,MALE,50,500550,2,1
MADHA,19159126,1606630,Adv. Vijayrao More,0,MALE,78,51532,3,1
MADHEPURA,37420953,700000,Dinesh Chandra Yadav,1,MALE,67,624334,1,1
MADHEPURA,81533690,,Sharad Yadav,0,MALE,71,322807,2,1
MADHEPURA,119543561,17695194,Rajesh Ranjan @ Pappu Yadav,0,MALE,51,97631,3,1
MADHUBANI,46699125,7892847,ASHOK KUMAR YADAV,1,MALE,49,595843,1,1
MADHUBANI,1169783,,BADRI KUMAR PURBEY,0,MALE,46,140903,2,1
MADHUBANI,30046633,900000,DR. SHAKEEL AHMAD,0,MALE,63,131530,3,1
MADURAI,1811456,,VENKATESAN S,1,MALE,49,447075,1,0
MADURAI,32239213,8700000,RAJ SATYEN V.V.R,0,MALE,36,307680,2,0
MADURAI,401171,40000,DAVID ANNADURAI K,0,MALE,42,85747,3,1
MADURAI,6297227,4676374,ALAGAR M,0,MALE,52,85048,4,0
MADURAI,175000,,PANDIAMMAL J,0,FEMALE,38,42901,5,0
MAHABUBABAD,19731269,1252068,Kavitha Malothu,1,FEMALE,39,462109,1,1
MAHABUBABAD,43570110,33600000,Balaram Naik Porika,0,MALE,55,315446,2,1
MAHARAJGANJ (UP),10451986,376000,PANKAJ CHOUDHARY,1,MALE,54,726349,1,1
MAHARAJGANJ (BIH),10451986,376000,"Janardan Singh 'Sigriwal""",1,MALE,55,546352,1,1
MAHARAJGANJ (UP),82263380,,AKHILESH,0,MALE,55,385925,2,1
MAHARAJGANJ (BIH),39112311,6266511,Randhir Kumar Singh,0,MALE,36,315580,2,1
MAHARAJGANJ (UP),85042997,7395000,SUPRIYA SHRINATE,0,FEMALE,41,72516,3,0
MAHASAMUND,17591683,1383014,CHUNNI LAL SAHU,1,MALE,51,616580,1,0
MAHASAMUND,92123717,106791,DHANENDRA SAHU,0,MALE,66,526069,2,0
MAHBUBNAGAR,63353123,4569251,MANNE SRINIVAS REDDY,1,MALE,60,411402,1,0
MAHBUBNAGAR,788398644,51670191,ARUNA D.K,0,FEMALE,59,333573,2,1
MAHBUBNAGAR,15759063,1722846,CHALLA VAMSHI CHAND REDDY,0,MALE,38,193631,3,1
MAHESANA,440308300,7477793,SHARDABEN ANILBHAI PATEL,1,FEMALE,71,659525,1,0
MAHESANA,698773712,96220673,A. J. Patel,0,MALE,73,378006,2,0
MAINPURI,205604593,22055657,MULAYAM SINGH YADAV,1,MALE,79,524926,1,1
MAINPURI,26146972,,PREM SINGH SHAKYA,0,MALE,60,430537,2,0
MALAPPURAM,52932535,,P.K. Kunhalikutty,1,MALE,67,589873,1,1
MALAPPURAM,5438969,,V.P. Sanu,0,MALE,30,329720,2,1
MALAPPURAM,12100000,,Unnikrishnan,0,MALE,54,82332,3,0
MALDAHA DAKSHIN,270959520,728107,ABU HASEM KHAN CHOWDHURY (DALU),1,MALE,72,444270,1,0
MALDAHA DAKSHIN,10132939,2840000,SREERUPA MITRA CHAUDHURY,0,FEMALE,54,436048,2,1
MALDAHA DAKSHIN,13573609,,MD. MOAZZEM HOSSAIN,0,MALE,63,351353,3,0
MALDAHA UTTAR,10232439,1070914,KHAGEN MURMU,1,MALE,59,509524,1,1
MALDAHA UTTAR,14786683,386896,MAUSAM NOOR,0,FEMALE,39,425236,2,1
MALDAHA UTTAR,8613504,354254,ISHA KHAN CHOUDHURY,0,MALE,47,305270,3,0
MALDAHA UTTAR,10978779,,BISWANATH GHOSH,0,MALE,69,50401,4,1
MALKAJGIRI,245357182,27807304,ANUMULA REVANTH REDDY,1,MALE,51,603748,1,1
MALKAJGIRI,567940114,91408506,RAJASHEKAR REDDY MARRI,0,MALE,50,592829,2,0
MALKAJGIRI,25940000,6100000,RAMCHANDER RAO NARAPARAJU,0,MALE,59,304282,3,1
MANDI,15724337,783963,RAM SWAROOP SHARMA,1,MALE,60,647189,1,0
MANDI,48523665,16286033,AASHRAY SHARMA,0,MALE,32,241730,2,0
MANDLA,26702373,1000075,FAGGAN SINGH KULASTE,1,MALE,59,737266,1,0
MANDLA,3182853,,KAMAL SINGH MARAVI,0,MALE,58,639592,2,1
MANDSOUR,90908944,799283,Sudheer Gupta,1,MALE,59,847786,1,1
MANDSOUR,6759260,,Meenakshi Natarajan,0,FEMALE,45,471052,2,0
MANDYA,234154139,14232295,SUMALATHA AMBAREESH,1,FEMALE,55,703660,1,0
MANDYA,740087761,353629176,NIKHIL KUMARASWAMY,0,MALE,31,577784,2,0
MANGALDOI,6206286,,DILIP SAIKIA,1,MALE,45,735469,1,0
MANGALDOI,126699173,,BHUBANESWAR KALITA,0,MALE,67,596924,2,0
MANGALDOI,4160000,155000,PRODEEP KUMAR DAIMARY,0,MALE,55,103870,3,0
MATHURA,2508270292,131288062,HEMA MALINI,1,FEMALE,70,671293,1,0
MATHURA,216820285,5708000,KUNWAR NARENDRA SINGH,0,MALE,66,377822,2,1
MATHURAPUR,10667304,,CHOUDHURY MOHAN JATUA,1,MALE,80,726828,1,0
MATHURAPUR,3592432,400000,SHYAMAPRASAD HALDER,0,MALE,46,522854,2,0
MATHURAPUR,6853079,,DR. SARAT CHANDRA HALDAR,0,MALE,42,92417,3,0
MAVAL,1023310134,416612,SHRIRANG APPA CHANDU BARNE,1,MALE,55,720663,1,1
MAVAL,201239333,93613295,PARTH AJIT PAWAR,0,MALE,29,504750,2,0
MAVAL,6525572,534788,RAJARAM NARAYAN PATIL,0,MALE,47,75904,3,0
MAVELIKKARA,12965129,982819,KODIKUNNIL SURESH,1,MALE,56,440415,1,1
MAVELIKKARA,3725488,953336,CHITTAYAM GOPAKUMAR,0,MALE,53,379277,2,0
MAVELIKKARA,4926063,400000,THAZHAVA SAHADEVAN,0,MALE,64,133546,3,0
MAYILADUTHURAI,13355095,215000,RAMALINGAM. S,1,MALE,74,599292,1,0
MAYILADUTHURAI,17159486,354102,ASAIMANI. S,0,MALE,64,337978,2,0
MAYILADUTHURAI,44415,,SENTHAMIZHAN. S,0,MALE,39,69030,3,1
MAYILADUTHURAI,525600,57500,SUBHASHINI. K,0,FEMALE,27,41056,4,0
MAYURBHANJ,2742000,400000,BISHWESWAR TUDU,1,MALE,54,483812,1,1
MAYURBHANJ,11842615,632703,DR DEBASHIS MARNDI,0,MALE,41,458556,2,0
MAYURBHANJ,28247881,7196331,ANJANI SOREN,0,FEMALE,47,135552,3,0
MEDAK,1266581773,268266203,Kotha Prabhakar Reddy,1,MALE,53,596048,1,0
MEDAK,121568484,38100000,Anil Kumar Gali,0,MALE,46,279621,2,1
MEDAK,126488701,6900000,Madavaneni Raghunandan Rao,0,MALE,54,201567,3,0
MEDINIPUR,4536462,,Dilip Ghosh,1,MALE,54,685433,1,1
MEDINIPUR,67663831,2600000,Manas Ranjan Bhunia,0,MALE,67,596481,2,0
MEERUT,13489377,1990094,RAJENDRA AGARWAL,1,MALE,68,586184,1,1
MEERUT,89793968,,HAJI MOHAMMAD YAQOOB,0,MALE,60,581455,2,1
MIRZAPUR,26900662,1805603,Anupriya Singh Patel,1,FEMALE,37,591564,1,1
MIRZAPUR,26572962,,Ramcharitra Nishad,0,MALE,54,359556,2,0
MIRZAPUR,79195975,2723790,Lalitesh Pati Tripathi,0,MALE,41,91501,3,1
MISRIKH,48771207,5735470,Ashok Kumar Rawat,1,MALE,52,534429,1,0
MISRIKH,39928000,300000,Dr Neelu Satyarthi,0,FEMALE,44,433757,2,0
MIZORAM,131201374,,C LALROSANGA,1,MALE,62,224286,1,0
MIZORAM,13499370,2500000,LALNGHINGLOVA HMAR,0,MALE,41,216146,2,0
MIZORAM,15655480,1016188,NIRUPAM CHAKMA,0,MALE,59,28707,3,0
MOHANLALGANJ,55530561,,Kaushal Kishore,1,MALE,59,629999,1,1
MOHANLALGANJ,83407710,6808934,C. L. Verma,0,MALE,49,539795,2,1
MOHANLALGANJ,9185305,,R. K. Chaudhary,0,MALE,60,60069,3,0
MORADABAD,55795546,500000,Dr. S.T. HASAN,1,MALE,60,649416,1,0
MORADABAD,102903614,600000,KUNWAR SARVESH KUMAR,0,MALE,67,551538,2,1
MORADABAD,31547689,10034039,IMRAN PRATAPGARHI,0,MALE,32,59198,3,0
MORENA,23062224,6689767,NARENDRA SINGH TOMAR,1,MALE,61,541689,1,1
MORENA,44669161,1052042,RAMNIWAS RAWAT,0,MALE,59,428348,2,1
MORENA,441032899,11599732,KARTAR SINGH BHADANA,0,MALE,61,129380,3,1
MUMBAI NORTH,157535232,21136135,Gopal Shetty,1,MALE,65,706678,1,1
MUMBAI NORTH,689063226,1894201,Urmila Matondkar,0,FEMALE,48,241431,2,0
MUMBAI NORTH CENTRAL,22242513,,POONAM MAHAJAN,1,FEMALE,38,486672,1,1
MUMBAI NORTH CENTRAL,962096603,36057947,DUTT PRIYA SUNIL,0,FEMALE,52,356667,2,0
MUMBAI NORTH CENTRAL,1000402,1709730,ABDUR REHMAN ANJARIA,0,MALE,46,33703,3,0
MUMBAI NORTH EAST,54661944,2048000,Manoj Kotak,1,MALE,46,514599,1,1
MUMBAI NORTH EAST,26109673,,Patil Sanjay Dina,0,MALE,50,288113,2,1
MUMBAI NORTH EAST,2927285,32490,Niharika Prakashchandra Khondalay,0,FEMALE,50,68239,3,0
MUMBAI NORTH WEST,105392000,4032000,Gajanan Kirtikar,1,MALE,75,570063,1,0
MUMBAI NORTH WEST,122093505,8399569,Sanjay Nirupam,0,MALE,54,309735,2,1
MUMBAI SOUTH,27181577,,Arvind Ganpat Sawant,1,MALE,67,421937,1,1
MUMBAI SOUTH,793200422,49681435,Deora Milind Murli,0,MALE,43,321870,2,0
MUMBAI SOUTH CENTRAL,18881363,7778954,Rahul Ramesh Shewale,1,MALE,47,424913,1,0
MUMBAI SOUTH CENTRAL,218952482,25590000,Eknath M. Gaikwad,0,MALE,79,272774,2,0
MUMBAI SOUTH CENTRAL,1250624308,237660077,Bhosale Sanjay Sushil,0,MALE,51,63412,3,1
MUNGER,88324866,7534918,RAJIV RANJAN SINGH ALIAS LALAN SINGH,1,MALE,65,528762,1,1
MUNGER,621659689,214610632,NILAM DEVI,0,FEMALE,48,360825,2,1
MURSHIDABAD,8926616,1350000,ABU TAHER KHAN,1,MALE,57,604346,1,1
MURSHIDABAD,8021988,,"ABU HENA, S/O - LATE ABDUS SATTAR",0,MALE,69,377929,2,0
MURSHIDABAD,36308374,4900000,HUMAYUN KABIR,0,MALE,56,247809,3,1
MURSHIDABAD,4893387,42492,BADARUDDOZA KHAN,0,MALE,64,180793,4,0
MUZAFFARNAGAR,15781189,2373645,Sanjeev Kumar Balyan,1,MALE,46,573780,1,1
MUZAFFARNAGAR,166125602,,Ajit Singh,0,MALE,78,567254,2,0
MUZAFFARPUR,298867486,15714320,Ajay Nishad,1,MALE,50,666878,1,1
MUZAFFARPUR,71600000,14100000,Raj Bhushan Choudhary,0,MALE,41,256890,2,0
MYSORE,18723762,6586698,PRATHAP SIMHA,1,MALE,42,688974,1,1
MYSORE,46434790,3500000,C.H.VIJAYASHANKAR,0,MALE,62,550327,2,0
NABARANGPUR,8100600,771000,RAMESH CHANDRA MAJHI,1,MALE,40,392504,1,0
NABARANGPUR,2347000,,PRADEEP KUMAR MAJHI,0,MALE,43,350870,2,1
NABARANGPUR,87471475,2621246,BALABHADRA MAJHI,0,MALE,57,342839,3,0
NAGALAND,128117474,18600000,Tokheho Yepthomi,1,MALE,62,500510,1,0
NAGALAND,370159329,,K L Chishi,0,MALE,75,484166,2,0
NAGAPATTINAM,4572837,1251381,SELVARAJ M,1,MALE,63,522892,1,0
NAGAPATTINAM,18492618,1429090,SARAVANAN M,0,MALE,41,311539,2,0
NAGAPATTINAM,315500,,SENGODI T,0,FEMALE,36,70307,3,1
NAGAPATTINAM,119000,55400,MALATHI P,0,FEMALE,25,51448,4,0
NAGARKURNOOL,10778684,,POTHUGANTI RAMULU,1,MALE,66,499672,1,0
NAGARKURNOOL,265782483,18800000,DR MALLU RAVI,0,MALE,68,309924,2,1
NAGARKURNOOL,51701683,886328,SHRUTHI BANGARU ALIAS BANGARU SHRUTHI,0,FEMALE,43,129021,3,0
NAGAUR,4218568,,HANUMAN BENIWAL,1,MALE,47,660051,1,0
NAGAUR,650650190,97090675,DR. JYOTI MIRDHA,0,FEMALE,47,478791,2,0
NAGINA,28659644,9062600,GIRISH CHANDRA,1,MALE,55,568378,1,1
NAGINA,66352887,900000,DR. YASHWANT SINGH,0,MALE,56,401546,2,0
NAGPUR,187916075,40729055,NITIN JAIRAM GADKARI,1,MALE,62,660221,1,1
NAGPUR,22160504,1155060,NANA PATOLE,0,MALE,56,444212,2,1
NAINITAL-UDHAMSINGH NAGAR,19699529,,Ajay Bhatt,1,MALE,57,772195,1,0
NAINITAL-UDHAMSINGH NAGAR,56735244,10712888,Harish Rawat,0,MALE,71,433099,2,1
NALANDA,29251651,2712389,Kaushlendra Kumar,1,MALE,60,540888,1,0
NALANDA,56786845,1129071,Ashok Kumar Azad,0,MALE,46,284751,2,0
NALGONDA,31501349,1200000,UTTAM KUMAR REDDY NALAMADA,1,MALE,55,526028,1,1
NALGONDA,943184220,208178829,VEMIREDDY NARASIMHA REDDY,0,MALE,63,500346,2,0
NALGONDA,184577651,21781741,GARLAPATI JITHENDRA KUMAR,0,MALE,61,52709,3,0
NAMAKKAL,485205173,18642484,CHINRAJ A.K.P,1,MALE,54,626293,1,0
NAMAKKAL,116009849,4281652,KALIAPPAN P,0,MALE,70,361142,2,0
NAMAKKAL,19918500,137800000,BASKAR B,0,MALE,44,38531,3,0
NAMAKKAL,6280106,260000,THANGAVELU R,0,MALE,57,30947,4,0
NANDED,52178606,594000,Prataprao Patil Chikhalikar,1,MALE,57,486806,1,0
NANDED,500037964,48525290,Ashok Shankarrao Chavan,0,MALE,60,446658,2,1
NANDED,8817999,2050000,Bhinge Yashpal Narsingrao,0,MALE,42,166196,3,0
NANDURBAR,271634532,15291251,Dr. Heena Vijaykumar Gavit,1,FEMALE,31,639136,1,0
NANDURBAR,45236068,3237933,Adv. K. C. Padavi,0,MALE,61,543507,2,0
NANDYAL,585932911,177035582,POCHA . BRAHMANANDA REDDY,1,MALE,60,720888,1,1
NANDYAL,348903562,68693655,MANDRA SIVANANDA REDDY,0,MALE,57,470769,2,0
NANDYAL,333760526,9594811,S.P.Y. REDDY,0,MALE,69,38871,3,1
NARASARAOPET,177710073,10142413,LAVU SRI KRISHNA DEVARAYALU,1,MALE,35,745557,1,0
NARASARAOPET,437940180,1233171,RAYAPATI SAMBASIVARAO,0,MALE,75,591555,2,0
NARASARAOPET,55264531,5468120,NAYUB KAMAL SHAIK,0,MALE,52,51008,3,0
NARSAPURAM,3259405378,1014467354,KANUMURU RAGHU RAMA KRISHNA RAJU,1,MALE,57,449234,1,1
NARSAPURAM,60940339,,V.V. SIVA RAMA RAJU (KALAVAPUDI SIVA),0,MALE,48,416558,2,1
NARSAPURAM,367820773,21678798,NAGABABU KONIDELA,0,MALE,58,250802,3,0
NASHIK,146869996,41083126,Godse Hemant Tukaram,1,MALE,48,563599,1,1
NASHIK,654659863,130481204,Sameer Magan Bhujbal,0,MALE,45,271395,2,1
NASHIK,214414506,46737153,Adv. Kokate Manikrao Shivajirao,0,MALE,61,134527,3,1
NASHIK,9091869,,Pavan Chandrakant Pawar,0,MALE,38,109981,4,1
NAVSARI,446044269,56846658,C. R. Patil,1,MALE,64,972739,1,1
NAVSARI,31846750,1659481,PATEL DHARMESHBHAI BHIMBHAI,0,MALE,47,283071,2,0
NAWADA,176720167,4722200,Chandan Singh,1,MALE,36,495684,1,1
NAWADA,118431743,4849749,Vibha Devi,0,FEMALE,53,347612,2,0
NELLORE,2211663364,152281255,Adala Prabhakara Reddy,1,MALE,70,683830,1,0
NELLORE,1654392880,680973688,Beeda Masthan Rao,0,MALE,60,535259,2,0
NEW DELHI,361441689,7938378,MEENAKASHI LEKHI,1,FEMALE,51,504206,1,0
NEW DELHI,245732926,,AJAY MAKAN,0,MALE,55,247702,2,0
NEW DELHI,9594156,3285554,BRIJESH GOYAL,0,MALE,43,150342,3,0
NILGIRIS,49591024,1424914,"RAJA, A.",1,MALE,55,547832,1,1
NILGIRIS,12467318,,"THIYAGARAJAN, M.",0,MALE,59,342009,2,0
NILGIRIS,56013763,810218,"RAJENTHIRAN, N.",0,MALE,55,41169,3,0
NILGIRIS,44000,,"RAMASWAMY, M.",0,MALE,66,40419,4,0
NIZAMABAD,876930468,337580746,ARVIND DHARMAPURI,1,MALE,43,480584,1,1
NIZAMABAD,179382394,90723181,KALVAKUNTLA KAVITHA,0,FEMALE,41,409709,2,1
NIZAMABAD,362049049,3509798,MADHU GOUD YASKHI,0,MALE,61,69240,3,1
NORTH EAST DELHI,242817031,13618755,MANOJ TIWARI,1,MALE,47,787799,1,1
NORTH EAST DELHI,49285773,,SHEILA DIKSHIT,0,FEMALE,81,421697,2,0
NORTH EAST DELHI,5433393,,DILIP PANDEY,0,MALE,38,190856,3,1
NORTH GOA,65795623,1491387,SHRIPAD YESSO NAIK,1,MALE,66,244844,1,0
NORTH GOA,14393879,1758927,GIRISH RAYA CHODANKAR,0,MALE,52,164597,2,0
NORTH WEST DELHI,130937732,47897494,HANS RAJ HANS,1,MALE,57,848663,1,0
NORTH WEST DELHI,12853787,,GUGAN SINGH,0,MALE,70,294766,2,0
NORTH WEST DELHI,44456251,79000,RAJESH LILOTHIA,0,MALE,53,236882,3,0
NOWGONG,74143272,4011152,Pradyut Bordoloi,1,MALE,59,739724,1,0
NOWGONG,62717347,7224404,Sri Rupak Sharma,0,MALE,46,722972,2,0
ONGOLE,266583686,91302133,MAGUNTA SREENIVASULU REDDY,1,MALE,65,739202,1,0
ONGOLE,916836770,129414369,SIDDA RAGHAVA RAO,0,MALE,61,524351,2,0
OSMANABAD,50299295,10045858,Omprakash Bhupalsinh Alias Pawan Rajenimbalkar,1,MALE,35,596640,1,1
OSMANABAD,412022397,101327317,Ranajagjitsinha Padmasinha Patil,0,MALE,47,469074,2,1
OSMANABAD,45000,1100000,Arjun (Dada) Salgar,0,MALE,39,98579,3,1
OUTER MANIPUR,13709352,,Lorho S. Pfoze,1,MALE,59,363527,1,0
OUTER MANIPUR,16891558,,Houlim Shokhopao Mate,0,MALE,36,289745,2,0
OUTER MANIPUR,129198371,21839605,K. James,0,MALE,56,152510,3,1
OUTER MANIPUR,6663739,575332,Thangminlien Kipgen,0,MALE,64,30726,4,0
PALAKKAD,6356399,2709000,V K SREEKANDAN,1,MALE,49,399274,1,1
PALAKKAD,16762314,651136,M B RAJESH,0,MALE,48,387637,2,1
PALAKKAD,11298644,1448919,KRISHNAKUMAR C,0,MALE,48,218556,3,1
PALAMU,32273873,90922,VISHNU DAYAL RAM,1,MALE,68,755659,1,0
PALGHAR,87616920,30223375,Rajendra Dhedya Gavit,1,MALE,51,580479,1,0
PALGHAR,20285716,,Baliram Sukur Jadhav,0,MALE,63,491596,2,1
PALI,385111923,7278041,P. P. CHAUDHARY,1,MALE,65,900149,1,0
PALI,232556672,49047253,BADRIRAM JAKHAR,0,MALE,69,418552,2,0
PANCHMAHAL,10260663,1081611,Ratansinh Magansinh Rathod,1,MALE,59,732136,1,0
PANCHMAHAL,33436760,600000,Khant Vechatbhai Kuberbhai,0,MALE,68,303595,2,1
PARBHANI,41040011,4519583,JADHAV SANJAY (BANDU) HARIBHAU,1,MALE,52,538941,1,1
PARBHANI,52628119,4678811,RAJESH UTTAMRAO VITEKAR,0,MALE,39,496742,2,0
PARBHANI,19410000,,ALAMGIR MOHD. KHAN,0,MALE,37,149946,3,1
PASCHIM CHAMPARAN,199404885,67370030,DR. SANJAY JAISWAL,1,MALE,54,603706,1,1
PASCHIM CHAMPARAN,144190332,24507384,BRIJESH KUMAR KUSHWAHA,0,MALE,41,309800,2,1
PATALIPUTRA,29213467,1717310,RAM KRIPAL YADAV,1,MALE,58,509557,1,0
PATALIPUTRA,75613265,985079,MISHA BHARTI,0,FEMALE,42,470236,2,1
PATAN,47373221,5613860,DABHI BHARATSINHJI SHANKARJI,1,MALE,64,633368,1,0
PATAN,22136618,,JAGDISH THAKOR,0,MALE,62,439489,2,0
PATHANAMTHITTA,6075876,7723227,ANTO ANTONY,1,MALE,62,380927,1,1
PATHANAMTHITTA,20179396,6643517,VEENA GEORGE,0,FEMALE,42,336684,2,0
PATHANAMTHITTA,4044300,1308799,K SURENDRAN,0,MALE,49,297396,3,1
PATIALA,635973757,42453369,Preneet Kaur,1,FEMALE,74,532027,1,0
PATIALA,184375011,6709821,Surjit Singh Rakhra,0,MALE,68,369309,2,1
PATIALA,44984048,110000,Dharam Vira Gandhi,0,MALE,68,161645,3,0
PATIALA,65098945,17876777,Neena Mittal,0,FEMALE,47,56877,4,0
PATNA SAHIB,235275591,,RAVI SHANKAR PRASAD,1,MALE,64,607506,1,0
PATNA SAHIB,1935459756,284863762,SHATRUGHAN SINHA,0,MALE,73,322849,2,1
PEDDAPALLE,16597300,,Venkatesh Netha Borlakunta,1,MALE,42,441321,1,0
PEDDAPALLE,63320000,5000000,Agam Chandrasekhar,0,MALE,60,346141,2,0
PEDDAPALLE,11933904,3730368,S.Kumar,0,MALE,52,92606,3,0
PERAMBALUR,972730368,65935070,"Dr.PAARIVENDHAR, T. R",1,MALE,77,683697,1,1
PERAMBALUR,100798649,29580175,"SIVAPATHY, N.R",0,MALE,55,280179,2,0
PERAMBALUR,311000,,"SHANTHI, K.",0,FEMALE,36,53545,3,0
PERAMBALUR,4186115,,"RAJASEKARAN, M.",0,MALE,58,45591,4,1
PHULPUR,172707104,6505194,Keshari Devi Patel,1,FEMALE,62,544701,1,1
PHULPUR,9986599,,Pandhari Yadav,0,MALE,58,372733,2,0
PILIBHIT,603200539,28952800,Feroze Varun Gandhi,1,MALE,39,704549,1,0
PILIBHIT,10931313,645587,Hemraj Verma,0,MALE,43,448922,2,1
POLLACHI,133109284,13360639,SHANMUGA SUNDARAM. K,1,MALE,49,554230,1,0
POLLACHI,313473295,68668270,MAHENDRAN. C,0,MALE,47,378347,2,0
POLLACHI,99775631,900000,MOOKAMBIKA. R,0,FEMALE,40,59693,3,0
POLLACHI,584781,,SANUJA. U,0,FEMALE,35,31483,4,0
PONNANI,8103274,,E. T. Mohammed Basheer,1,MALE,72,521824,1,0
PONNANI,1027930,,P.V. Anvar Puthan Veetil,0,MALE,51,328551,2,1
PONNANI,24482797,,Rema,0,FEMALE,61,110603,3,1
PORBANDAR,357564783,217944697,RAMESHBHAI LAVJIBHAI DHADUK,1,MALE,57,563881,1,0
PORBANDAR,23284746,509206,LALIT VASOYA,0,MALE,57,334058,2,1
PRATAPGARH,248789514,8895225,SANGAM LAL GUPTA,1,MALE,48,436291,1,1
PRATAPGARH,3746721,7260000,ASHOK TRIPATHI,0,MALE,45,318539,2,1
PRATAPGARH,362051733,1008000,RAJKUMARI RATNA SINGH,0,FEMALE,57,77096,3,1
PRATAPGARH,156138084,46218245,AKSHAY PRATAP SINGH ALIAS GOPAL JI,0,MALE,51,46963,4,1
PUDUCHERRY,108015548,520989,Ve. VAITHILINGAM,1,MALE,68,444981,1,0
PUDUCHERRY,83719044,12739010,Dr. NARAYANASAMY KESAVAN,0,MALE,29,247956,2,0
PUDUCHERRY,393586982,28820830,Dr.M.A.S. SUBRAMANIAN,0,MALE,72,38068,3,0
PUNE,57959302,1793891,Girish Bhalchandra Bapat,1,MALE,68,632835,1,1
PUNE,67624702,35212523,Mohan Joshi,0,MALE,62,308207,2,1
PUNE,18703428,,Anil Narayan Jadhav,0,MALE,35,64793,3,1
PURI,1174701344,21932742,PINAKI MISRA,1,MALE,59,538321,1,0
PURI,7202976,1197946,Dr Sambit Patra,0,MALE,45,526607,2,1
PURI,13257059,138069,SATYA PRAKASH NAYAK,0,MALE,51,44734,3,1
PURNIA,41036294,2500000,SANTOSH KUMAR,1,MALE,43,632924,1,1
PURNIA,3418643970,715792024,UDAY SINGH ALIAS PAPPU SINGH,0,MALE,66,369463,2,1
PURULIA,2250540,456100,JYOTIRMAY SINGH MAHATO,1,MALE,34,668107,1,1
PURULIA,17024599,1716993,Dr. MRIGANKA MAHATO,0,MALE,56,463375,2,0
PURULIA,5330178,609500,NEPAL MAHATA,0,MALE,58,84477,3,1
PURULIA,17909890,,BIR SINGH MAHATO,0,MALE,73,68434,4,1
PURVI CHAMPARAN,33791375,1146627,RADHA MOHAN SINGH,1,MALE,69,577787,1,1
PURVI CHAMPARAN,25867226,,AAKASH KUMAR SINGH,0,MALE,27,284139,2,1
PALAMU,15227170,793697,GHURAN RAM,0,MALE,51,278053,1,1
PALAMU,12484775,2512110,ANJANA BHUIYAN,0,FEMALE,47,53597,2,0
RAE BARELI,118263916,,SONIA GANDHI,1,FEMALE,72,534918,1,1
RAE BARELI,29676192,972748,DINESH PRATAP SINGH,0,MALE,51,367740,2,1
RAICHUR,30638375,678532,RAJA AMARESHWARA NAIK,1,MALE,62,598337,1,0
RAICHUR,101129729,5703400,B. V NAIK,0,MALE,53,480621,2,1
RAIGAD,127487277,3221073,Tatkare Sunil Dattatray,1,MALE,64,486968,1,0
RAIGAD,54422110,21341268,Anant Geete,0,MALE,67,455530,2,0
RAIGANJ,6139123,823416,DEBASREE CHAUDHURI,1,FEMALE,48,511652,1,1
RAIGANJ,20695117,,AGARWAL KANAIALAL,0,MALE,64,451078,2,1
RAIGANJ,9690051,619755,MD. SALIM,0,MALE,61,182035,3,1
RAIGANJ,15615375,,DEEPA DASMUNSI,0,FEMALE,58,83662,4,1
RAIGARH,7043539,,GOMATI SAI,1,FEMALE,43,658335,1,0
RAIGARH,7254977,2080854,LALJEET SINGH RATHIA,0,MALE,42,592308,2,1
RAIPUR,46068126,2482214,Sunil Kumar Soni,1,MALE,57,837902,1,0
RAIPUR,64682454,7605574,Pramod Dubey,0,MALE,53,489664,2,0
RAJAHMUNDRY,458205360,17814757,MARGANI BHARAT,1,MALE,36,582024,1,1
RAJAHMUNDRY,431848590,324874000,MAGANTI ROOPA,0,FEMALE,45,460390,2,0
RAJAHMUNDRY,673924565,461954372,AKULA SATYANARAYANA,0,MALE,55,155807,3,0
RAJAMPET,665085701,205473477,P.V.MIDHUN REDDY,1,MALE,42,702211,1,1
RAJAMPET,2204833211,593275186,D A SATHYA PRABHA,0,FEMALE,68,433927,2,0
RAJAMPET,600000,1200000,SYED MUKARRAM,0,MALE,42,33986,3,0
RAJGARH,40198295,3921362,RODMAL NAGAR,1,MALE,58,823824,1,0
RAJGARH,23174475,5353782,MONA SUSTANI,0,FEMALE,50,392805,2,0
RAJKOT,68818120,16566856,KUNDARIA MOHANBHAI KALYANJIBHAI,1,MALE,67,758645,1,0
RAJKOT,97582897,82106333,KAGATHARA LALITBHAI,0,MALE,61,390238,2,1
RAJMAHAL,12919555,2743560,VIJAY KUMAR HANSDAK,1,MALE,36,507830,1,0
RAJMAHAL,56991946,17588570,HEMLAL MURMU,0,MALE,63,408635,2,0
RAJMAHAL,2402310,10000,GOPIN SOREN,0,MALE,56,35586,3,0
RAJNANDGAON,24861970,1519820,SANTOSH PANDEY,1,MALE,51,662387,1,0
RAJNANDGAON,12428558,657124,BHOLA RAM SAHU,0,MALE,60,550421,2,0
RAJSAMAND,165984623,,Diya Kumari,1,FEMALE,48,863039,1,0
RAJSAMAND,251586733,18611248,Devkinandan (Kaka),0,MALE,76,311123,2,1
RAMANATHAPURAM,364738171,47008615,K. NAVASKANI,1,MALE,39,469943,1,1
RAMANATHAPURAM,194674653,80459602,NAINAR NAGENTHRAN,0,MALE,59,342821,2,1
RAMANATHAPURAM,18513000,500000,"V.D.N. ANANDH. B.E.,",0,MALE,38,141806,3,1
RAMANATHAPURAM,955530,350000,T. BHUVANESWARI,0,FEMALE,37,46385,4,0
RAMPUR,46124814,,Mohammad Azam Khan,1,MALE,64,559177,1,1
RAMPUR,279273009,16204374,Jayaprada Nahata,0,FEMALE,57,449180,2,0
RAMPUR,97199000,5525000,Sanjay Kapoor,0,MALE,56,35009,3,0
RAMTEK,95603165,4228793,Krupal Balaji Tumane,1,MALE,53,597126,1,0
RAMTEK,76190424,259920,Kishore Uttamrao Gajbhiye,0,MALE,61,470343,2,0
RAMTEK,950000,,Subhash Dharamdas Gajbhiye,0,MALE,29,44327,3,0
RANAGHAT,17622476,,JAGANNATH SARKAR,1,MALE,56,783253,1,1
RANAGHAT,7370951,1727897,RUPALI BISWAS,0,FEMALE,25,549825,2,0
RANAGHAT,3211830,,BISWAS RAMA,0,FEMALE,56,97771,3,1
RANCHI,14044267,100000,SANJAY SETH,1,MALE,60,706510,1,0
RANCHI,73566185,11873779,SUBODH KANT SAHAY,0,MALE,67,423730,2,1
RATLAM,42072262,4890940,GUMAN SINGH DAMOR,1,MALE,62,696103,1,0
RATLAM,90679618,904000,KANTILAL BHURIA,0,MALE,68,605467,2,1
RATNAGIRI - SINDHUDURG,50660534,2830000,Vinayak Raut,1,MALE,65,458022,1,1
RATNAGIRI - SINDHUDURG,254141202,76363728,Nilesh Narayan Rane,0,MALE,38,279700,2,1
RATNAGIRI - SINDHUDURG,124520857,16820672,Navinchandra Bhalchandra Bandivadekar,0,MALE,62,63299,3,0
RATNAGIRI - SINDHUDURG,3493826,,Maruti Ramchandra Joshi,0,MALE,74,30882,4,0
RAVER,172713734,,Khadse Raksha Nikhil,1,FEMALE,31,655386,1,0
RAVER,198503281,4508413,Dr.Ulhas Vasudeo Patil,0,MALE,59,319504,2,1
RAVER,8901000,4450000,Nitin Pralhad Kandelkar,0,MALE,39,88365,3,0
REWA,20359750,580627,JANARDAN MISHRA,1,MALE,62,583769,1,0
REWA,30182893,1325755,"SIDDHARTH TIWARI ""RAJ""",0,MALE,34,270961,2,0
REWA,15156991,3100000,VIKASH SINGH PATEL,0,MALE,36,91109,3,0
ROBERTSGANJ,23048078,684133,PAKAURI LAL KOL,1,MALE,66,447914,1,0
ROBERTSGANJ,20813273,640631,BHAI LAL,0,MALE,67,393578,2,1
ROBERTSGANJ,26146670,4105250,BHAGWATI PRASAD CHAUDHARI,0,MALE,64,35269,3,0
ROHTAK,41079284,16778090,ARVIND KUMAR SHARMA,1,MALE,56,573845,1,0
ROHTAK,447255719,21846800,DEEPENDER SINGH HOODA,0,MALE,41,566342,2,0
ROHTAK,10638347,,KISHAN LAL PANCHAL,0,MALE,51,38364,3,0
SABARKANTHA,23997443,,RATHOD DIPSINH SHANKARSINH,1,MALE,67,701983,1,0
SABARKANTHA,22687227,800000,THAKOR RAJENDRASINH SHIVSINH,0,MALE,46,432997,2,0
SAGAR,16416828,547428,RAJBAHADUR SINGH,1,MALE,51,646231,1,1
SAGAR,116106237,869967,PRABHU SINGH THAKUR,0,MALE,65,340689,2,0
SAHARANPUR,46146135,60000,HAJI FAZLUR REHMAN,1,MALE,67,514139,1,0
SAHARANPUR,47543994,,RAGHAV LAKHANPAL,0,MALE,44,491722,2,1
SAHARANPUR,50597337,,IMRAN MASOOD,0,MALE,48,207068,3,1
SALEM,60045532,4039841,PARTHIBAN.S.R,1,MALE,49,606302,1,1
SALEM,15055729,,SARAVANAN.K.R.S,0,MALE,44,459376,2,0
SALEM,2750000,900000,PRABHU MANIKANDAN.M,0,MALE,28,58662,3,0
SALEM,4300000,,SELVAM.S.K,0,MALE,57,52332,4,1
SALEM,15668882,,RASA.A,0,MALE,57,33890,5,1
SALEMPUR,27031724,249400,RAVINDER,1,MALE,55,467940,1,0
SALEMPUR,115246002,265057,R S KUSHWAHA,0,MALE,62,355325,2,0
SALEMPUR,6310007,,RAJARAM,0,MALE,54,33568,3,0
SAMASTIPUR,17375975,999057,Ramchandra Paswan,1,MALE,58,562443,1,1
SAMASTIPUR,20396690,,Dr. Ashok Kumar,0,MALE,64,310800,2,0
SAMBALPUR,269543587,10337195,NITESH GANGA DEB,1,MALE,47,473770,1,1
SAMBALPUR,75651064,2259000,NALINI KANTA PRADHAN,0,MALE,61,464608,2,0
SAMBALPUR,59424606,703915,SARAT PATTANAYAK,0,MALE,62,135969,3,0
SAMBHAL,13296671,,DR. SHAFIQUR REHMAN BARQ,1,MALE,86,658006,1,0
SAMBHAL,110088877,4943218,PARAMESHVAR LAL SAINI,0,MALE,64,483180,2,0
SANGLI,191192187,23345328,Sanjaykaka Patil,1,MALE,54,508995,1,1
SANGLI,217156936,103062594,Vishal Prakashbapu Patil,0,MALE,38,344643,2,1
SANGLI,10372000,42000,Gopichand Kundlik Padalkar,0,MALE,36,300234,3,1
SANGRUR,16427274,,BHAGWANT MANN,1,MALE,45,413561,1,0
SANGRUR,1310793341,100605212,KEWAL SINGH DHILLON,0,MALE,68,303350,2,0
SANGRUR,179035633,,PARMINDER SINGH DHINDSA,0,MALE,43,263498,3,1
SANT KABIR NAGAR,4300614,2326248,PRAVEEN KUMAR NISHAD,1,MALE,30,467543,1,0
SANT KABIR NAGAR,142535633,,BHEESHMA SHANKAR,0,MALE,54,431794,2,0
SANT KABIR NAGAR,15341651,10068345,BHAL CHANDRA YADAV,0,MALE,60,128506,3,1
SARAN,80740349,,Rajiv Pratap Rudy,1,MALE,58,499986,1,0
SARAN,96944980,1901831,Chandrika Roy,0,MALE,61,361575,2,1
SASARAM (SC),37786578,2214842,CHHEDI PASWAN,1,MALE,63,494800,1,1
SASARAM (SC),475194636,,MEIRA KUMAR,0,FEMALE,74,329055,2,0
SASARAM (SC),8864060,,MANOJ KUMAR,0,MALE,35,86406,3,0
SATARA,1996813173,12340338,SHRIMANT CHH. UDAYANRAJE PRATAPSINHMAHARAJ BHONSLE,1,MALE,53,579026,1,1
SATARA,152801213,51954358,NARENDRA ANNASAHEB PATIL,0,MALE,44,452498,2,1
SATARA,1427313,400000,SAHADEO KERAPPA AIWALE,0,MALE,63,40673,3,0
SATNA,41719076,,GANESH SINGH,1,MALE,56,588753,1,1
SATNA,150375545,18844623,RAJARAM TRIPATHI,0,MALE,66,357280,2,0
SATNA,24846270,746000,ACCHE LAL KUSHAWAHA,0,MALE,62,109961,3,1
SECUNDRABAD,81430778,4500000,G . KISHAN REDDY,1,MALE,58,384780,1,0
SECUNDRABAD,301011219,68489543,TALASANI SAI KIRAN YADAV,0,MALE,32,322666,2,1
SECUNDRABAD,24655065,2400000,ANJAN KUMAR YADAV. M,0,MALE,58,173229,3,0
SHAHDOL,36564408,1736289,HIMADRI SINGH,1,FEMALE,32,747977,1,0
SHAHDOL,20491903,3913894,PRAMILA SINGH,0,FEMALE,50,344644,2,0
SHAHDOL,223200,20000,BAHAN KESHKALI KOL,0,FEMALE,31,33695,3,0
SHAHJAHANPUR,43448049,1179697,Arun Kumar Sagar,1,MALE,42,688990,1,1
SHAHJAHANPUR,15755445,1200128,Amar Chandra Jauhar,0,MALE,48,420572,2,1
SHEOHAR,328364940,,RAMA DEVI,1,FEMALE,69,608678,1,1
SHEOHAR,25526590,8814643,SYED FAISAL ALI,0,MALE,52,268318,2,1
SHILLONG,549515421,,VINCENT H. PALA,1,MALE,51,419689,1,0
SHILLONG,11432184,1178370,JEMINO MAWTHOH,0,MALE,54,267256,2,0
SHILLONG,66168175,,SANBOR SHULLAI,0,MALE,52,76683,3,0
SHIMLA,15705738,7873806,SURESH KUMAR KASHYAP,1,MALE,48,606182,1,0
SHIMLA,36782528,4111104,DHANI RAM SHANDIL,0,MALE,78,278668,2,1
SHIMOGA,674093851,14150647,B.Y.RAGHAVENDRA.,1,MALE,46,729872,1,1
SHIMOGA,615887761,170909000,S.MADHUBANGARAPPA,0,MALE,52,506512,2,1
SHIRDI,113710526,205100,SADASHIV KISAN LOKHANDE,1,MALE,56,486820,1,1
SHIRDI,26419995,1935504,KAMBLE BHAUSAHEB MALHARI,0,MALE,64,366625,2,1
SHIRDI,24086176,8810000,SANJAY LAXMAN SUKHDAN,0,MALE,39,63287,3,1
SHIRDI,2419200,400000,WAKCHAURE BHAUSAHEB RAJARAM,0,MALE,69,35526,4,0
SHIRUR,43351521,1488116,Dr. Amol Ramsing Kolhe,1,MALE,38,635830,1,0
SHIRUR,290165511,49898166,Adhalrao Shivaji Dattatrey,0,MALE,64,577347,2,1
SHRAWASTI,19108216,350000,RAM SHIROMANI,1,MALE,49,441771,1,0
SHRAWASTI,28788083,155755,DADDAN MISHRA,0,MALE,52,436451,2,0
SHRAWASTI,110455296,1671408,DHIRENDRA PRATAP SINGH,0,MALE,54,58042,3,1
SIDHI,51541791,505922,Riti Pathak,1,FEMALE,41,698342,1,0
SIDHI,375482525,4000000,Ajay Arjun Singh,0,MALE,63,411818,2,1
SIKAR,2827638,2719583,Sumedhanand Saraswati,1,MALE,67,772104,1,0
SIKAR,82542126,1450462,Subhash Maharia,0,MALE,61,474948,2,0
SIKKIM,478817,,INDRA HANG SUBBA,1,MALE,30,166922,1,0
SIKKIM,2789212,436959,DEK BAHADUR KATWAL,0,MALE,42,154489,2,0
SIKKIM,563879,,LATEN TSHERING SHERPA,0,MALE,33,16572,3,0
SILCHAR,29901767,6976701,RAJDEEP ROY,1,MALE,48,499414,1,0
SILCHAR,106707145,19405127,SUSHMITA DEV,0,FEMALE,46,417818,2,1
SINGHBHUM,25249018,1928508,GEETA KORA,1,FEMALE,35,431815,1,1
SINGHBHUM,19516408,1265285,LAXMAN GILUWA,0,MALE,57,359660,2,1
SIRSA,42596349,2500000,Sunita Duggal,1,FEMALE,51,714351,1,0
SIRSA,64311703,7489962,Ashok Tanwar,0,MALE,43,404433,2,1
SIRSA,1805374,,Nirmal Singh Malri,0,MALE,37,95914,3,0
SIRSA,10601527,4446477,Charanjeet Singh Rori,0,MALE,49,88093,4,0
SITAMARHI,60717031,10277790,Sunil Kumar Pintu,1,MALE,58,567745,1,1
SITAMARHI,18988281,1511335,Arjun Ray,0,MALE,47,317206,2,1
SITAPUR,73129716,108148,Rajesh Verma,1,MALE,58,514528,1,1
SITAPUR,34286356,,Nakul Dubey,0,MALE,53,413695,2,1
SITAPUR,12560808,4284514,Qaiser Jahan,0,FEMALE,45,96018,3,1
SIVAGANGA,793729024,174081116,KARTI P CHIDAMBARAM,1,MALE,47,566104,1,1
SIVAGANGA,26223393,5910000,H.RAJA,0,MALE,61,233860,2,1
SIVAGANGA,1792000,800000,V.PANDI,0,MALE,43,122534,3,1
SIVAGANGA,467200,42000,V.SAKTHI PRIYA,0,FEMALE,27,72240,4,0
SIWAN,19325264,412511,Kavita Singh,1,FEMALE,33,448473,1,1
SIWAN,139078374,1000000,Hena Shahab,0,FEMALE,46,331515,2,1
SIWAN,8089901,,Amar Nath Yadav,0,MALE,54,74644,3,1
SIWAN,5082500,,Deva Kant Mishra Alias Munna Bhaiya,0,MALE,43,36459,4,1
SOLAPUR,27870079,,SHRI. SHA. BRA. DR. JAI SIDHESHWAR SHIVACHARY MAHASWAMIJI,1,MALE,63,524985,1,0
SOLAPUR,380358711,4750000,SHINDE SUSHILKUMAR SAMBHAJIRAO,0,MALE,77,366377,2,0
SOLAPUR,58722916,,AMBEDKAR PRAKASH YASHVANT,0,MALE,64,170007,3,0
SONIPAT,235859266,,RAMESH CHANDER KAUSHIK,1,MALE,62,587664,1,0
SONIPAT,155261986,1440000,BHUPINDER SINGH HOODA,0,MALE,72,422800,2,1
SOUTH DELHI,180052708,2038454,RAMESH BIDHURI,1,MALE,57,687014,1,1
SOUTH DELHI,1647954,,RAGHAV CHADHA,0,MALE,30,319971,2,0
SOUTH DELHI,121525000,31967000,VIJENDER,0,MALE,33,164613,3,0
SOUTH GOA,79402232,,COSME FRANCISCO CAITANO SARDINHA,1,MALE,73,201561,1,0
SOUTH GOA,14526550,,ADV. NARENDRA SAWAIKAR,0,MALE,52,191806,2,0
SOUTH GOA,9676888,,ELVIS GOMES,0,MALE,56,20891,3,1
SRERAMPUR,175968902,5522403,KALYAN BANERJEE,1,MALE,62,637707,1,0
SRERAMPUR,3523068,,DEBJIT SARKAR,0,MALE,42,539171,2,1
SRERAMPUR,289956,28000,TIRTHANKAR RAY,0,MALE,44,152281,3,0
SRIKAKULAM,122791042,12000000,KINJARAPU RAM MOHAN NAIDU,1,MALE,32,534544,1,1
SRIKAKULAM,52821196,25848939,DUVVADA SRINIVAS,0,MALE,52,527891,2,1
SRIKAKULAM,63385326,,METTA RAMARAO,0,MALE,53,31956,3,0
SRINAGAR,121904435,,Farooq Abdullah,1,MALE,83,106750,1,1
SRIPERUMBUDUR,208806446,,Baalu.T.R.,1,MALE,77,793281,1,0
SRIPERUMBUDUR,442074321,65575554,Vaithilingam A,0,MALE,49,285326,2,0
SRIPERUMBUDUR,29485700,500000,Sridhar M,0,MALE,46,135525,3,1
SRIPERUMBUDUR,14923845,,Mahendran.H,0,MALE,41,84979,4,1
SULTANPUR,556926451,11935800,MANEKA SANJAI GANDHI,1,FEMALE,62,459196,1,0
SULTANPUR,106096052,,"CHANDRA BHADRA SINGH ""SSONU""",0,MALE,43,444670,2,1
SULTANPUR,411199451,,Dr. SANJAY SINH,0,MALE,67,41681,3,0
SUNDARGARH,74185014,12743330,Jual Oram,1,MALE,58,500056,1,1
SUNDARGARH,19117337,773540,Sunita Biswal,0,FEMALE,39,276991,2,0
SUNDARGARH,901058,,George Tirkey,0,MALE,60,268218,3,1
SUPAUL,23441606,,Dileshwar Kamait,1,MALE,73,597377,1,1
SUPAUL,119543561,17695194,Ranjeet Ranjan,0,FEMALE,46,330524,2,1
SURAT,23872876,,Darshana Vikram Jardosh,1,FEMALE,58,795651,1,0
SURAT,19012482,3125964,Ashok Patel (Adhevada),0,MALE,45,247421,2,0
SURENDRANAGAR,79084513,14822528,Dr. MUNJAPARA MAHENDRABHAI,1,MALE,50,631844,1,0
SURENDRANAGAR,66558302,,KOLI PATEL SOMABHAI GANDALAL,0,MALE,79,354407,2,0
SURGUJA,27682493,3251275,Renuka Singh Saruta,1,FEMALE,55,663711,1,0
SURGUJA,76086898,7070521,Khel Sai Singh,0,MALE,72,505838,2,0
TAMLUK,37687867,8397501,Adhikari Dibyendu,1,MALE,42,724433,1,1
TAMLUK,1903590,,Sidharthashankar Naskar,0,MALE,50,534268,2,1
TAMLUK,412438,,Sk Ibrahim Ali,0,MALE,31,136129,3,1
TEHRI GARHWAL,1846640100,1350000000,MALA RAJYA LAXMI SHAH,1,FEMALE,68,565333,1,0
TEHRI GARHWAL,94252961,9278744,PRITAM SINGH,0,MALE,60,264747,2,1
TENKASI,51360700,2896862,DHANUSH.M.KUMAR,1,MALE,44,476156,1,1
TENKASI,259584771,16220826,Dr.KRISHNASAMY.K,0,MALE,66,355389,2,1
TENKASI,1273750,,PONNUTHAI. S,0,FEMALE,32,92116,3,0
TENKASI,42385,,MATHIVANAN.S.S,0,MALE,32,59445,4,1
TEZPUR,14445139,,PALLAB LOCHAN DAS,1,MALE,41,684166,1,0
TEZPUR,82846198,,M.G.V.K. BHANU,0,MALE,60,441325,2,0
THANE,181441465,54080733,RAJAN BABURAO VICHARE,1,MALE,57,740969,1,1
THANE,117277230,52183748,ANAND PRAKASH PARANJPE,0,MALE,46,328824,2,1
THANE,47000,13097861,MALLIKARJUN SAIBANNA PUJARI,0,MALE,47,47432,3,0
THANJAVUR,42452076,2368600,"PALANIMANICKAM,S.S.",1,MALE,68,588978,1,0
THANJAVUR,152293009,30542133,"NATARAJAN,N.R .",0,MALE,52,220849,2,0
THANJAVUR,130000,,"MURUGESAN, P.",0,MALE,62,102871,3,1
THANJAVUR,4857567,37000,"KRISHNAKUMAR,N.",0,MALE,44,57924,4,0
THENI,65803231,32734079,"RAVEENDRANATH KUMAR, P",1,MALE,39,504813,1,0
THENI,236241267,7450651,"ELANGOVAN, E.V.K.S.",0,MALE,70,428120,2,1
THENI,3976788,,THANGA TAMILSELVAN,0,MALE,58,144050,3,1
THIRUVALLUR,24583769,,Dr.K.Jayakumar,1,MALE,69,767292,1,0
THIRUVALLUR,22771385,1249867,Dr.P.Venugopal,0,MALE,66,410337,2,0
THIRUVALLUR,19730000,,Logarangan.M,0,MALE,35,73731,3,0
THIRUVALLUR,310000,,M.VETRISELVI,0,FEMALE,42,65416,4,0
THIRUVANANTHAPURAM,350022585,,Dr. SHASHI THAROOR,1,MALE,63,416131,1,1
THIRUVANANTHAPURAM,1105732,,KUMMANAM RAJASEKHARAN,0,MALE,66,316142,2,1
THIRUVANANTHAPURAM,9006945,1318000,C. DIVAKARAN,0,MALE,76,258556,3,1
THOOTHUKKUDI,303373130,19290928,KANIMOZHI KARUNANIDHI,1,FEMALE,51,563143,1,1
THOOTHUKKUDI,109907600,10987000,DR. TAMILISAI SOUNDARARAJAN,0,FEMALE,57,215934,2,0
THOOTHUKKUDI,1953000,,"Dr. BHUVANESWARAN, M.",0,MALE,52,76866,3,1
THOOTHUKKUDI,32936394,5000000,"CHRISTANTINE RAJASEKAR, S.",0,MALE,55,49222,4,1
THRISSUR,8609349,2978120,T. N. PRATHAPAN,1,MALE,58,415089,1,1
THRISSUR,2884096,2150000,RAJAJI MATHEW THOMAS,0,MALE,64,321456,2,0
THRISSUR,101534170,6124303,SURESH GOPI,0,MALE,60,293822,3,1
TIKAMGARH,21503766,1974216,Dr Virendra Kumar,1,MALE,65,672248,1,0
TIKAMGARH,36507983,2500000,Ahirwar Kiran,0,FEMALE,47,324189,2,0
TIKAMGARH,8361117,8127000,R.D. Prajapati,0,MALE,56,42585,3,0
TIRUCHIRAPPALLI,32182184,40208,Thirunavukkarasar. SU,1,MALE,69,621285,1,0
TIRUCHIRAPPALLI,27390154,,DR.Elangovan. V,0,MALE,70,161999,2,0
TIRUCHIRAPPALLI,10952500,,Sarubala. R. Thondaiman,0,FEMALE,60,100818,3,0
TIRUCHIRAPPALLI,606116,403605,Vinoth. V,0,MALE,33,65286,4,1
TIRUCHIRAPPALLI,10145000,567000,Anandharaja. V,0,MALE,53,42134,5,0
TIRUNELVELI,232759237,46149049,GNANATHIRAVIAM S,1,MALE,54,522993,1,1
TIRUNELVELI,103479811,28531015,PAUL MANOJ PANDIAN,0,MALE,47,337273,2,0
TIRUNELVELI,2467000,3080,MICHAEL RAYAPPAN S,0,MALE,55,62235,3,0
TIRUNELVELI,4816687,279000,SATHYA B,0,FEMALE,41,49935,4,0
TIRUPATI,17426921,,Balli Durga Prasad Rao,1,MALE,63,722877,1,0
TIRUPATI,94021818,,Panabaka Lakshmi,0,FEMALE,60,494501,2,0
TIRUPPUR,8035576,500000,"SUBBARAYAN, K.",1,MALE,71,508725,1,0
TIRUPPUR,93884772,10278297,"ANANDAN, M.S.M.",0,MALE,56,415357,2,0
TIRUPPUR,51756996,41924988,"CHANDIRAKUMAR, V.S.",0,MALE,46,64657,3,0
TIRUPPUR,4256700,,"SELVAM, S.R.",0,MALE,65,43816,4,0
TIRUPPUR,12862368,,"JAGANATHAN, P.",0,MALE,50,42189,5,0
TIRUVANNAMALAI,134897466,32243604,ANNADURAI C N,1,MALE,45,666272,1,0
TIRUVANNAMALAI,70403250,9887013,AGRI KRISHNAMURTHY S S,0,MALE,59,362085,2,1
TIRUVANNAMALAI,1325000,120000,GNANASEKAR A,0,MALE,47,38639,3,0
TONK-SAWAI MADHOPUR,1233802420,,Sukhbir Singh Jaunapuria,1,MALE,61,644319,1,0
TONK-SAWAI MADHOPUR,46640598,,Namonarayan,0,MALE,75,533028,2,0
TRIPURA EAST,1948315,,Rebati Tripura,1,MALE,43,482126,1,0
TRIPURA EAST,69244661,576370,Maharaj kumari Pragya DebBurman,0,FEMALE,50,277836,2,0
TRIPURA EAST,22751748,1120000,Jitendra Chaudhury,0,MALE,60,200963,3,1
TRIPURA WEST,642398,,Pratima Bhoumik,1,FEMALE,50,573532,1,0
TRIPURA WEST,5678249,,Subal Bhowmik,0,MALE,58,267843,2,1
TRIPURA WEST,27948486,,Sankar Prasad Datta,0,MALE,62,171826,3,0
TUMKUR,510779150,113844867,G. S. BASAVARAJ,1,MALE,78,596127,1,0
TUMKUR,60084453,9798283,H. D. DEVEGOWDA,0,MALE,86,582788,2,0
TURA,29406813,,AGATHA K. SANGMA,1,FEMALE,38,304455,1,0
TURA,136735735,3408159,DR. MUKUL SANGMA,0,MALE,53,240425,2,0
TURA,1025030,,RIKMAN GARREY MOMIN,0,MALE,55,31707,3,0
UDAIPUR,48196946,15602872,ARJUNLAL MEENA,1,MALE,54,871548,1,0
UDAIPUR,32075616,4127647,RAGHUVIR SINGH MEENA,0,MALE,59,433634,2,0
UDHAMPUR,70827203,,DR. JITENDRA SINGH,1,MALE,62,724311,1,0
UDHAMPUR,360230337,4800765,VIKRAMADITYA SINGH,0,MALE,54,367059,2,0
UDUPI CHIKMAGALUR,104872668,49936840,SHOBHA KARANDLAJE,1,FEMALE,52,718916,1,1
UDUPI CHIKMAGALUR,990739778,21813972,PRAMOD MADHWARAJ,0,MALE,50,369317,2,1
UJIARPUR,187007570,357561,Nityanand Rai,1,MALE,53,543906,1,1
UJIARPUR,24441520,1358960,Upendra Kushwaha,0,MALE,56,266628,2,1
UJJAIN,26417937,3203766,ANIL FIROJIYA,1,MALE,47,791663,1,0
UJJAIN,2181243,1785483,BABULAL MALVIYA,0,MALE,56,426026,2,1
ULUBERIA,28351569,5322615,SAJDA AHMED,1,FEMALE,57,694945,1,0
ULUBERIA,246933,,JOY BANERJEE,0,MALE,56,479586,2,1
ULUBERIA,12578736,2876353,MAKSUDA KHATUN,0,FEMALE,58,81314,3,0
UNNAO,40886941,699025,Swami Sakshi Ji Maharaj,1,MALE,63,703507,1,1
UNNAO,458367272,2074764,Arun Shanker Shukla,0,MALE,61,302551,2,1
UNNAO,816046184,96675048,Annu Tandon,0,FEMALE,61,185634,3,1
UTTARA KANNADA,84755455,41016655,ANANTKUMAR HEGDE,1,MALE,51,786042,1,1
UTTARA KANNADA,721916901,23800806,ANAND ASNOTIKAR,0,MALE,39,306393,2,1
VADAKARA,114379340,,K. MURALEEDHARAN,1,MALE,62,526755,1,1
VADAKARA,9072440,620213,P.JAYARAJAN,0,MALE,66,442092,2,1
VADAKARA,3530403,1754758,ADV.V.K.SAJEEVAN,0,MALE,43,80128,3,1
VADODARA,29426428,,RANJANBEN BHATT,1,FEMALE,56,883719,1,0
VADODARA,31042006,10938685,PRASHANT PATEL (TIKO),0,MALE,44,294542,2,1
VAISHALI,337284632,112089220,Veena Devi (W/o Dinesh Prasad Singh),1,FEMALE,48,568215,1,1
VAISHALI,7857367,984703,Raghuvansh Prasad Singh,0,MALE,72,333631,2,1
VALMIKI NAGAR,17934888,2915945,BAIDYANATH PRASAD MAHTO,1,MALE,62,602660,1,1
VALMIKI NAGAR,21470456,1728000,SHASHWAT KEDAR,0,MALE,32,248044,2,0
VALMIKI NAGAR,569431975,2409792,DEEPAK YADAV,0,MALE,42,62963,3,1
VALSAD,68239480,,Dr.K.C.PATEL,1,MALE,69,771980,1,0
VALSAD,6611455,,CHAUDHARI JITUBHAI HARJIBHAI,0,MALE,54,418183,2,1
VARANASI,25136119,,NARENDRA MODI,1,MALE,68,674664,1,0
VARANASI,12600000,788131,SHALINI YADAV,0,FEMALE,47,195159,2,0
VARANASI,13970015,,AJAY RAI,0,MALE,49,152548,3,1
VIDISHA,30032282,3332012,Ramakant Bhargava,1,MALE,65,853022,1,0
VIDISHA,130523815,1677179,Shailendra Rameshchandra Patel,0,MALE,43,349938,2,0
VIJAYAWADA,808152415,512332955,KESINENI SRINIVAS (NANI),1,MALE,53,575498,1,0
VIJAYAWADA,3477616326,209577562,POTLURI.V.PRASAD ( P V P ),0,MALE,48,566772,2,1
VIJAYAWADA,33169811,137447,Muttamsetty Prasad babu,0,MALE,66,81650,3,0
VILUPPURAM,6509860,1369031,RAVIKUMAR D,1,MALE,58,559585,1,0
VILUPPURAM,1925000,,VADIVEL RAVANAN S,0,MALE,66,431517,2,0
VILUPPURAM,2207000,575000,GANAPATHY N,0,MALE,55,58019,3,0
VIRUDHUNAGAR,49705799,3600203,"MANICKAM TAGORE, B.",1,MALE,44,470883,1,1
VIRUDHUNAGAR,12671316,338783,"ALAGARSAMY, R.",0,MALE,47,316329,2,1
VIRUDHUNAGAR,779539,100000,"PARAMASIVA IYYAPPAN, S.",0,MALE,45,107615,3,0
VIRUDHUNAGAR,15835879,,"ARULMOZHITHEVAN, K.",0,MALE,36,53040,4,0
VISAKHAPATNAM,2023905124,160030959,M V V SATYANARAYANA,1,MALE,52,436906,1,1
VISAKHAPATNAM,2325373550,9591144,BHARAT MATHUKUMILLI,0,MALE,29,432492,2,0
VISAKHAPATNAM,86465496,,V.V. LAKSHMI NARAYANA,0,MALE,53,288874,3,0
VIZIANAGARAM,21035766,11130148,Bellana Chandra Sekhar,1,MALE,57,578418,1,1
VIZIANAGARAM,183534582,,Ashok Gajapathi Raju Pusapati,0,MALE,67,530382,2,0
VIZIANAGARAM,13428596,,Mukka Srinivas Rao,0,MALE,39,34192,3,0
WARANGAL,24889712,1428227,DAYAKAR PASUNOORI,1,MALE,51,612498,1,0
WARANGAL,12211566,5552696,DOMMATI SAMBAIAH,0,MALE,56,262200,2,0
WARANGAL,2503100,660000,CHINTHA SAMBAMURTHY,0,MALE,65,83777,3,0
WARDHA,65807822,8961387,Ramdas Chandrabhanji Tadas,1,MALE,65,578364,1,0
WARDHA,136123032,,Charulata Rao Tokas,0,FEMALE,53,391173,2,0
WARDHA,97629000,,Dhanraj Kothiramji Wanjari,0,MALE,63,36452,3,1
WARDHA,135149000,2098380,Agrawal Shaileshkumar Premkishorji,0,MALE,37,36423,4,1
WAYANAD,158877063,7201904,Rahul Gandhi,1,MALE,48,706367,1,1
WAYANAD,13815960,,P.P. Suneer,0,MALE,50,274597,2,0
WAYANAD,,,Thushar Vellappally,0,MALE,50,78816,3,1
WEST DELHI,,,PARVESH SAHIB SINGH VERMA,1,MALE,41,865648,1,0
WEST DELHI,,,MAHABAL MISHRA,0,MALE,64,287162,2,1
WEST DELHI,,,BALBIR SINGH JAKHAR,0,MALE,47,251873,3,0
YAVATMAL-WASHIM,,,Bhavana Pundlikrao Gawali,1,FEMALE,46,542098,1,1
YAVATMAL-WASHIM,,,Thakre Manikrao Govindrao,0,MALE,64,424159,2,0
YAVATMAL-WASHIM,,,Pravin Govind Pawar,0,MALE,37,94228,3,0
ZAHIRABAD,,,B.B.PATIL,1,MALE,63,434244,1,1
ZAHIRABAD,,,MADAN MOHAN RAO,0,MALE,49,428015,2,0
ZAHIRABAD,,,BANALA LAXMA REDDY,0,MALE,47,138947,3,1
